ORG_ID,TI_ID,UNIT_IDENTIFIER,UNIT_EQUIPMENT_QTY
1-1-CAVSQDN,G53778,WAETAA,1
1-1-CAVSQDN,C32887,WAETAA,1
1-1-CAVSQDN,T58161,WAETAA,1
1-1-CAVSQDN,X62340,WAETAA,1
1-1-CAVSQDN,X63299,WAETAA,1
1-1-CAVSQDN,K24931,WAETAA,1
1-1-CAVSQDN,T96883,WAETAA,1
1-1-CAVSQDN,X23227,WAETAA,1
1-1-CAVSQDN,W93995,WAETAA,1
1-1-CAVSQDN,T63093,WAETAA,2
1-1-CAVSQDN,X48914,WAETAA,2
1-1-CAVSQDN,F79334,WAETAA,2
1-1-CAVSQDN,X40931,WAETAA,2
1-1-CAVSQDN,C11158,WAETAA,3
1-1-CAVSQDN,L28351,WAETAA,3
1-1-CAVSQDN,P44627,WAETAA,3
1-1-CAVSQDN,G34805,WAETAA,3
1-1-CAVSQDN,T45465,WAETAA,4
1-1-CAVSQDN,T39518,WAETAA,4
1-1-CAVSQDN,X40794,WAETAA,4
1-1-CAVSQDN,X40146,WAETAA,4
1-1-CAVSQDN,R50681,WAETAA,5
1-1-CAVSQDN,K28601,WAETAA,5
1-1-CAVSQDN,C10990,WAETAA,6
1-1-CAVSQDN,D11538,WAETAA,6
1-1-CAVSQDN,M68405,WAETAA,6
1-1-CAVSQDN,W98825,WAETAA,8
1-1-CAVSQDN,T59278,WAETAA,10
1-1-CAVSQDN,W95537,WAETAA,11
1-1-CAVSQDN,C18234,WAETAA,13
1-1-CAVSQDN,T87243,WAETAA,15
1-1-CAVSQDN,A21633,WAETAA,16
1-1-CAVSQDN,W95811,WAETAA,24
1-1-CAVSQDN,T13168,WAETAA,27
1-1-CAVSQDN,X40009,WAETAA,29
1-1-CAVSQDN,T61494,WAETAA,35
1-1-CAVSQDN,F60530,WAETAA,41
1-13-ARBN,T63093,WAFZAA,1
1-13-ARBN,X63299,WAFZAA,1
1-13-ARBN,E32466,WAFZAA,1
1-13-ARBN,T96883,WAFZAA,1
1-13-ARBN,T61562,WAFZAA,1
1-13-ARBN,S70517,WAFZAA,3
1-13-ARBN,L28351,WAFZAA,3
1-13-ARBN,X59463,WAFZAA,3
1-13-ARBN,C10990,WAFZAA,4
1-13-ARBN,W95537,WAFZAA,4
1-13-ARBN,X40794,WAFZAA,4
1-13-ARBN,X40146,WAFZAA,4
1-13-ARBN,K28601,WAFZAA,4
1-13-ARBN,T39518,WAFZAA,4
1-13-ARBN,T92242,WAFZAA,5
1-13-ARBN,T92310,WAFZAA,5
1-13-ARBN,R50681,WAFZAA,6
1-13-ARBN,D11538,WAFZAA,7
1-13-ARBN,W98825,WAFZAA,7
1-13-ARBN,T59278,WAFZAA,8
1-13-ARBN,D12087,WAFZAA,13
1-13-ARBN,T87243,WAFZAA,13
1-13-ARBN,W95811,WAFZAA,18
1-13-ARBN,X40009,WAFZAA,24
1-13-ARBN,T61494,WAFZAA,28
1-13-ARBN,T13168,WAFZAA,44
1-27-FABN,C32887,WAKRAA,1
1-27-FABN,T38844,WAKRAA,1
1-27-FABN,T61562,WAKRAA,3
1-27-FABN,X40794,WAKRAA,3
1-27-FABN,T63093,WAKRAA,3
1-27-FABN,L28351,WAKRAA,4
1-27-FABN,R50681,WAKRAA,4
1-27-FABN,W95537,WAKRAA,6
1-27-FABN,T39654,WAKRAA,6
1-27-FABN,T58161,WAKRAA,7
1-27-FABN,X40146,WAKRAA,7
1-27-FABN,W95811,WAKRAA,7
1-27-FABN,W98825,WAKRAA,8
1-27-FABN,X40009,WAKRAA,10
1-27-FABN,C11158,WAKRAA,12
1-27-FABN,L44894,WAKRAA,18
1-27-FABN,T39586,WAKRAA,30
1-27-FABN,T45465,WAKRAA,36
1-27-FABN,T61494,WAKRAA,41
1-35-ARBN,T61562,WAPYAA,1
1-35-ARBN,T63093,WAPYAA,1
1-35-ARBN,C32887,WAPYAA,1
1-35-ARBN,T96883,WAPYAA,1
1-35-ARBN,X63299,WAPYAA,1
1-35-ARBN,T07679,WAPYAA,2
1-35-ARBN,L28351,WAPYAA,3
1-35-ARBN,X59463,WAPYAA,3
1-35-ARBN,C11158,WAPYAA,3
1-35-ARBN,S70517,WAPYAA,3
1-35-ARBN,M68405,WAPYAA,4
1-35-ARBN,K28601,WAPYAA,4
1-35-ARBN,X40146,WAPYAA,4
1-35-ARBN,T39518,WAPYAA,4
1-35-ARBN,C10990,WAPYAA,4
1-35-ARBN,D11538,WAPYAA,4
1-35-ARBN,X40794,WAPYAA,4
1-35-ARBN,W95537,WAPYAA,6
1-35-ARBN,R50681,WAPYAA,6
1-35-ARBN,W98825,WAPYAA,7
1-35-ARBN,T59278,WAPYAA,8
1-35-ARBN,Z62630,WAPYAA,10
1-35-ARBN,C18234,WAPYAA,13
1-35-ARBN,T87243,WAPYAA,13
1-35-ARBN,W95811,WAPYAA,18
1-35-ARBN,X40009,WAPYAA,23
1-35-ARBN,T61494,WAPYAA,28
1-35-ARBN,T13168,WAPYAA,44
1-36-INFBN,X63299,WAE3AA,1
1-36-INFBN,T96883,WAE3AA,1
1-36-INFBN,C32887,WAE3AA,1
1-36-INFBN,X40931,WAE3AA,1
1-36-INFBN,T63093,WAE3AA,1
1-36-INFBN,L28351,WAE3AA,3
1-36-INFBN,X40794,WAE3AA,3
1-36-INFBN,C11158,WAE3AA,3
1-36-INFBN,M68405,WAE3AA,4
1-36-INFBN,C10990,WAE3AA,4
1-36-INFBN,K28601,WAE3AA,4
1-36-INFBN,X40146,WAE3AA,4
1-36-INFBN,T39518,WAE3AA,4
1-36-INFBN,D11538,WAE3AA,4
1-36-INFBN,W95537,WAE3AA,4
1-36-INFBN,R50681,WAE3AA,6
1-36-INFBN,T87243,WAE3AA,6
1-36-INFBN,T59278,WAE3AA,6
1-36-INFBN,W98825,WAE3AA,7
1-36-INFBN,Z62630,WAE3AA,10
1-36-INFBN,C18234,WAE3AA,14
1-36-INFBN,W95811,WAE3AA,21
1-36-INFBN,X40009,WAE3AA,28
1-36-INFBN,T61494,WAE3AA,28
1-36-INFBN,F40375,WAE3AA,44
1-37-ARBN,T63093,WH54AA,1
1-37-ARBN,T96883,WH54AA,1
1-37-ARBN,C32887,WH54AA,1
1-37-ARBN,X63299,WH54AA,1
1-37-ARBN,T61562,WH54AA,1
1-37-ARBN,T07679,WH54AA,2
1-37-ARBN,S70517,WH54AA,3
1-37-ARBN,L28351,WH54AA,3
1-37-ARBN,X59463,WH54AA,3
1-37-ARBN,C11158,WH54AA,3
1-37-ARBN,D11538,WH54AA,4
1-37-ARBN,T39518,WH54AA,4
1-37-ARBN,X40146,WH54AA,4
1-37-ARBN,K28601,WH54AA,4
1-37-ARBN,X40794,WH54AA,4
1-37-ARBN,M68405,WH54AA,4
1-37-ARBN,C10990,WH54AA,4
1-37-ARBN,R50681,WH54AA,6
1-37-ARBN,W95537,WH54AA,6
1-37-ARBN,W98825,WH54AA,7
1-37-ARBN,T59278,WH54AA,8
1-37-ARBN,Z62630,WH54AA,10
1-37-ARBN,T87243,WH54AA,13
1-37-ARBN,C18234,WH54AA,13
1-37-ARBN,W95811,WH54AA,18
1-37-ARBN,X40009,WH54AA,23
1-37-ARBN,T61494,WH54AA,28
1-37-ARBN,T13168,WH54AA,44
1-4-ADABN,G53778,WGM8AA,1
1-4-ADABN,T63093,WGM8AA,1
1-4-ADABN,D11538,WGM8AA,1
1-4-ADABN,T96883,WGM8AA,2
1-4-ADABN,X40794,WGM8AA,2
1-4-ADABN,T87243,WGM8AA,2
1-4-ADABN,K28601,WGM8AA,2
1-4-ADABN,R50681,WGM8AA,2
1-4-ADABN,C11158,WGM8AA,3
1-4-ADABN,L28351,WGM8AA,3
1-4-ADABN,C18234,WGM8AA,4
1-4-ADABN,C32887,WGM8AA,4
1-4-ADABN,T59278,WGM8AA,4
1-4-ADABN,X40146,WGM8AA,6
1-4-ADABN,W98825,WGM8AA,6
1-4-ADABN,T61562,WGM8AA,10
1-4-ADABN,X40009,WGM8AA,13
1-4-ADABN,W95811,WGM8AA,14
1-4-ADABN,G42170,WGM8AA,15
1-4-ADABN,T07679,WGM8AA,17
1-4-ADABN,W95537,WGM8AA,18
1-4-ADABN,F40375,WGM8AA,20
1-4-ADABN,F57713,WGM8AA,24
1-4-ADABN,T61494,WGM8AA,75
1-41-INFBN,X63299,WAHSAA,1
1-41-INFBN,C32887,WAHSAA,1
1-41-INFBN,T63093,WAHSAA,1
1-41-INFBN,X40931,WAHSAA,1
1-41-INFBN,L28351,WAHSAA,3
1-41-INFBN,X40794,WAHSAA,3
1-41-INFBN,M68405,WAHSAA,4
1-41-INFBN,K28601,WAHSAA,4
1-41-INFBN,W95537,WAHSAA,4
1-41-INFBN,X40146,WAHSAA,4
1-41-INFBN,T39518,WAHSAA,4
1-41-INFBN,C10990,WAHSAA,4
1-41-INFBN,T92242,WAHSAA,5
1-41-INFBN,T92310,WAHSAA,5
1-41-INFBN,R50681,WAHSAA,6
1-41-INFBN,T87243,WAHSAA,6
1-41-INFBN,T59278,WAHSAA,6
1-41-INFBN,W98825,WAHSAA,7
1-41-INFBN,D11538,WAHSAA,7
1-41-INFBN,C18234,WAHSAA,14
1-41-INFBN,W95811,WAHSAA,22
1-41-INFBN,T61494,WAHSAA,27
1-41-INFBN,X40009,WAHSAA,28
1-41-INFBN,F40375,WAHSAA,44
1-501-AVNBN,T63093,WAFDAA,1
1-501-AVNBN,X40146,WAFDAA,1
1-501-AVNBN,W93995,WAFDAA,1
1-501-AVNBN,L28351,WAFDAA,1
1-501-AVNBN,F43003,WAFDAA,1
1-501-AVNBN,J35492,WAFDAA,1
1-501-AVNBN,T96883,WAFDAA,1
1-501-AVNBN,X23227,WAFDAA,1
1-501-AVNBN,X62340,WAFDAA,1
1-501-AVNBN,X40794,WAFDAA,1
1-501-AVNBN,C32887,WAFDAA,1
1-501-AVNBN,T39518,WAFDAA,2
1-501-AVNBN,T07679,WAFDAA,2
1-501-AVNBN,F79334,WAFDAA,2
1-501-AVNBN,K28601,WAFDAA,2
1-501-AVNBN,K24931,WAFDAA,2
1-501-AVNBN,T58161,WAFDAA,2
1-501-AVNBN,X40931,WAFDAA,2
1-501-AVNBN,W98825,WAFDAA,3
1-501-AVNBN,X48914,WAFDAA,3
1-501-AVNBN,G34805,WAFDAA,3
1-501-AVNBN,P44627,WAFDAA,4
1-501-AVNBN,T87243,WAFDAA,5
1-501-AVNBN,T59278,WAFDAA,6
1-501-AVNBN,T45465,WAFDAA,12
1-501-AVNBN,X40009,WAFDAA,14
1-501-AVNBN,W95811,WAFDAA,15
1-501-AVNBN,W95537,WAFDAA,18
1-501-AVNBN,T61494,WAFDAA,24
1-501-AVNBN,H28647,WAFDAA,24
1-6-INFBN,X40931,WAPSAA,1
1-6-INFBN,X63299,WAPSAA,1
1-6-INFBN,C32887,WAPSAA,1
1-6-INFBN,T63093,WAPSAA,1
1-6-INFBN,T96883,WAPSAA,1
1-6-INFBN,L28351,WAPSAA,3
1-6-INFBN,C11158,WAPSAA,3
1-6-INFBN,X40794,WAPSAA,3
1-6-INFBN,W95537,WAPSAA,4
1-6-INFBN,K28601,WAPSAA,4
1-6-INFBN,T39518,WAPSAA,4
1-6-INFBN,X40146,WAPSAA,4
1-6-INFBN,M68405,WAPSAA,4
1-6-INFBN,D11538,WAPSAA,4
1-6-INFBN,C10990,WAPSAA,4
1-6-INFBN,T59278,WAPSAA,6
1-6-INFBN,R50681,WAPSAA,6
1-6-INFBN,T87243,WAPSAA,6
1-6-INFBN,W98825,WAPSAA,7
1-6-INFBN,Z62630,WAPSAA,10
1-6-INFBN,C18234,WAPSAA,14
1-6-INFBN,W95811,WAPSAA,21
1-6-INFBN,X40009,WAPSAA,28
1-6-INFBN,T61494,WAPSAA,28
1-6-INFBN,F40375,WAPSAA,44
1-94-FABN,C32887,WAF7AA,1
1-94-FABN,T38844,WAF7AA,1
1-94-FABN,G17460,WAF7AA,2
1-94-FABN,X40931,WAF7AA,2
1-94-FABN,T63093,WAF7AA,3
1-94-FABN,R50681,WAF7AA,4
1-94-FABN,L28351,WAF7AA,5
1-94-FABN,X40794,WAF7AA,5
1-94-FABN,T07679,WAF7AA,6
1-94-FABN,W95537,WAF7AA,6
1-94-FABN,T39654,WAF7AA,6
1-94-FABN,T58161,WAF7AA,7
1-94-FABN,W95811,WAF7AA,8
1-94-FABN,T61562,WAF7AA,8
1-94-FABN,X40146,WAF7AA,8
1-94-FABN,W98825,WAF7AA,10
1-94-FABN,D11538,WAF7AA,12
1-94-FABN,X40009,WAF7AA,14
1-94-FABN,L44894,WAF7AA,18
1-94-FABN,T39586,WAF7AA,30
1-94-FABN,T45465,WAF7AA,36
1-94-FABN,T61494,WAF7AA,44
1-AD,X63299,WAPBAA,1
1-AD,G35851,WAPBAA,1
1-AD,T96883,WAPBAA,1
1-AD,C32887,WAPBAA,1
1-AD,G40744,WAPBAA,1
1-AD,G53778,WAPBAA,1
1-AD,G42170,WAPBAA,1
1-AD,X40794,WAPBAA,1
1-AD,X40146,WAPBAA,1
1-AD,K28601,WAPBAA,2
1-AD,C11158,WAPBAA,2
1-AD,L28351,WAPBAA,3
1-AD,W98825,WAPBAA,3
1-AD,T07679,WAPBAA,3
1-AD,C18234,WAPBAA,3
1-AD,W95811,WAPBAA,5
1-AD,X62237,WAPBAA,6
1-AD,X40009,WAPBAA,9
1-AD,W95537,WAPBAA,18
1-AD,T61494,WAPBAA,42
1-BDE-1-AD,T63093,WAELAA,1
1-BDE-1-AD,D11538,WAELAA,1
1-BDE-1-AD,W98825,WAELAA,1
1-BDE-1-AD,X40146,WAELAA,1
1-BDE-1-AD,C32887,WAELAA,1
1-BDE-1-AD,C18234,WAELAA,1
1-BDE-1-AD,X40794,WAELAA,1
1-BDE-1-AD,K28601,WAELAA,1
1-BDE-1-AD,R50681,WAELAA,1
1-BDE-1-AD,L28351,WAELAA,1
1-BDE-1-AD,T87243,WAELAA,1
1-BDE-1-AD,G42238,WAELAA,1
1-BDE-1-AD,X40009,WAELAA,3
1-BDE-1-AD,W95811,WAELAA,3
1-BDE-1-AD,C11158,WAELAA,5
1-BDE-1-AD,W95537,WAELAA,5
1-BDE-1-AD,T61494,WAELAA,15
102-POL-SUPPLYCO,T60149,WELQAA,1
102-POL-SUPPLYCO,Z90712,WELQAA,1
102-POL-SUPPLYCO,L28351,WELQAA,1
102-POL-SUPPLYCO,T63093,WELQAA,1
102-POL-SUPPLYCO,T96883,WELQAA,1
102-POL-SUPPLYCO,Z94047,WELQAA,1
102-POL-SUPPLYCO,L85283,WELQAA,1
102-POL-SUPPLYCO,W98825,WELQAA,1
102-POL-SUPPLYCO,W76816,WELQAA,2
102-POL-SUPPLYCO,S70594,WELQAA,2
102-POL-SUPPLYCO,T61171,WELQAA,2
102-POL-SUPPLYCO,T60081,WELQAA,3
102-POL-SUPPLYCO,Z36272,WELQAA,3
102-POL-SUPPLYCO,F79334,WELQAA,6
102-POL-SUPPLYCO,X49051,WELQAA,6
102-POL-SUPPLYCO,S70027,WELQAA,6
102-POL-SUPPLYCO,T33786,WELQAA,6
102-POL-SUPPLYCO,P97119,WELQAA,6
102-POL-SUPPLYCO,E72804,WELQAA,6
102-POL-SUPPLYCO,Z36068,WELQAA,8
102-POL-SUPPLYCO,S73372,WELQAA,12
102-POL-SUPPLYCO,T61494,WELQAA,12
102-POL-SUPPLYCO,T61908,WELQAA,14
102-POL-SUPPLYCO,T61239,WELQAA,18
102-POL-SUPPLYCO,P97051,WELQAA,48
106-TCBN,W98825,WCKVAA,1
106-TCBN,G42170,WCKVAA,1
106-TCBN,T60081,WCKVAA,2
106-TCBN,W95537,WCKVAA,2
106-TCBN,T61494,WCKVAA,9
109-MDM-TRKCO,S73372,WH38AA,1
109-MDM-TRKCO,T63093,WH38AA,1
109-MDM-TRKCO,W95811,WH38AA,1
109-MDM-TRKCO,Z90381,WH38AA,1
109-MDM-TRKCO,W98825,WH38AA,1
109-MDM-TRKCO,C32887,WH38AA,1
109-MDM-TRKCO,X40146,WH38AA,1
109-MDM-TRKCO,L28351,WH38AA,1
109-MDM-TRKCO,X40009,WH38AA,2
109-MDM-TRKCO,T61494,WH38AA,5
109-MDM-TRKCO,T61103,WH38AA,61
109-MDM-TRKCO,S70159,WH38AA,120
11-AVN-RGT,X62237,WAAFAA,1
11-AVN-RGT,T07543,WAAFAA,1
11-AVN-RGT,J35492,WAAFAA,1
11-AVN-RGT,X40146,WAAFAA,1
11-AVN-RGT,X40794,WAAFAA,1
11-AVN-RGT,C32887,WAAFAA,1
11-AVN-RGT,J47617,WAAFAA,1
11-AVN-RGT,W95811,WAAFAA,2
11-AVN-RGT,T07679,WAAFAA,2
11-AVN-RGT,X40009,WAAFAA,3
11-AVN-RGT,W95537,WAAFAA,7
11-AVN-RGT,T61494,WAAFAA,17
110-POL-SUPPLYCO,T60149,WELKAA,1
110-POL-SUPPLYCO,Z90712,WELKAA,1
110-POL-SUPPLYCO,Z94047,WELKAA,1
110-POL-SUPPLYCO,L28351,WELKAA,1
110-POL-SUPPLYCO,L85283,WELKAA,1
110-POL-SUPPLYCO,T63093,WELKAA,1
110-POL-SUPPLYCO,T96883,WELKAA,1
110-POL-SUPPLYCO,W98825,WELKAA,1
110-POL-SUPPLYCO,W76816,WELKAA,2
110-POL-SUPPLYCO,S70594,WELKAA,2
110-POL-SUPPLYCO,T61171,WELKAA,2
110-POL-SUPPLYCO,T60081,WELKAA,3
110-POL-SUPPLYCO,Z36272,WELKAA,3
110-POL-SUPPLYCO,T49119,WELKAA,6
110-POL-SUPPLYCO,F79334,WELKAA,6
110-POL-SUPPLYCO,S70027,WELKAA,6
110-POL-SUPPLYCO,T33786,WELKAA,6
110-POL-SUPPLYCO,E72804,WELKAA,6
110-POL-SUPPLYCO,P97119,WELKAA,6
110-POL-SUPPLYCO,Z36068,WELKAA,8
110-POL-SUPPLYCO,S73372,WELKAA,12
110-POL-SUPPLYCO,T61494,WELKAA,12
110-POL-SUPPLYCO,T61908,WELKAA,14
110-POL-SUPPLYCO,T61239,WELKAA,18
110-POL-SUPPLYCO,P97051,WELKAA,48
12-AVNBDE,J47617,WCYPAA,1
12-AVNBDE,L28351,WCYPAA,1
12-AVNBDE,G42170,WCYPAA,1
12-AVNBDE,G53778,WCYPAA,1
12-AVNBDE,C32887,WCYPAA,1
12-AVNBDE,X62237,WCYPAA,1
12-AVNBDE,X40794,WCYPAA,1
12-AVNBDE,X40146,WCYPAA,1
12-AVNBDE,W98825,WCYPAA,2
12-AVNBDE,T07679,WCYPAA,3
12-AVNBDE,W95811,WCYPAA,3
12-AVNBDE,X40009,WCYPAA,4
12-AVNBDE,W95537,WCYPAA,9
12-AVNBDE,T61494,WCYPAA,20
123-MSB,T61772,WDJ0AA,1
123-MSB,T96838,WDJ0AA,1
123-MSB,L76556,WDJ0AA,1
123-MSB,X40283,WDJ0AA,1
123-MSB,K24931,WDJ0AA,1
123-MSB,Z90381,WDJ0AA,1
123-MSB,G40744,WDJ0AA,1
123-MSB,R50681,WDJ0AA,1
123-MSB,G35919,WDJ0AA,1
123-MSB,C36151,WDJ0AA,1
123-MSB,X40831,WDJ0AA,2
123-MSB,T30377,WDJ0AA,2
123-MSB,G42170,WDJ0AA,2
123-MSB,X40077,WDJ0AA,2
123-MSB,G78306,WDJ0AA,2
123-MSB,J36383,WDJ0AA,2
123-MSB,X41105,WDJ0AA,3
123-MSB,T10275,WDJ0AA,3
123-MSB,S70517,WDJ0AA,3
123-MSB,T63093,WDJ0AA,3
123-MSB,X62237,WDJ0AA,3
123-MSB,X62271,WDJ0AA,3
123-MSB,R11154,WDJ0AA,3
123-MSB,K28601,WDJ0AA,3
123-MSB,L28351,WDJ0AA,4
123-MSB,S75038,WDJ0AA,4
123-MSB,P97051,WDJ0AA,4
123-MSB,X62340,WDJ0AA,4
123-MSB,X63299,WDJ0AA,4
123-MSB,T49119,WDJ0AA,4
123-MSB,X40146,WDJ0AA,4
123-MSB,X59463,WDJ0AA,5
123-MSB,H01855,WDJ0AA,5
123-MSB,C32887,WDJ0AA,5
123-MSB,S30982,WDJ0AA,6
123-MSB,G35851,WDJ0AA,6
123-MSB,S74832,WDJ0AA,6
123-MSB,T96883,WDJ0AA,6
123-MSB,T49255,WDJ0AA,6
123-MSB,J35492,WDJ0AA,8
123-MSB,W98825,WDJ0AA,9
123-MSB,W35417,WDJ0AA,10
123-MSB,T38844,WDJ0AA,10
123-MSB,T07679,WDJ0AA,14
123-MSB,S75175,WDJ0AA,15
123-MSB,X40931,WDJ0AA,16
123-MSB,W95537,WDJ0AA,23
123-MSB,T59048,WDJ0AA,24
123-MSB,S70859,WDJ0AA,24
123-MSB,W95811,WDJ0AA,30
123-MSB,X40009,WDJ0AA,30
123-MSB,S73372,WDJ0AA,34
123-MSB,X40794,WDJ0AA,47
123-MSB,T61494,WDJ0AA,66
123-MSB,S70027,WDJ0AA,82
123-MSB,X59326,WDJ0AA,101
125-FSB,T49119,WJA0AA,1
125-FSB,T49255,WJA0AA,1
125-FSB,X41105,WJA0AA,1
125-FSB,C36151,WJA0AA,1
125-FSB,R50681,WJA0AA,1
125-FSB,R11154,WJA0AA,1
125-FSB,T30377,WJA0AA,1
125-FSB,X40283,WJA0AA,1
125-FSB,T10275,WJA0AA,1
125-FSB,S70517,WJA0AA,1
125-FSB,X59463,WJA0AA,1
125-FSB,X62237,WJA0AA,2
125-FSB,H01855,WJA0AA,2
125-FSB,X62271,WJA0AA,3
125-FSB,X48914,WJA0AA,3
125-FSB,T93761,WJA0AA,3
125-FSB,T48944,WJA0AA,3
125-FSB,T40999,WJA0AA,3
125-FSB,S74832,WJA0AA,3
125-FSB,L28351,WJA0AA,3
125-FSB,G35851,WJA0AA,4
125-FSB,X63299,WJA0AA,4
125-FSB,T07679,WJA0AA,4
125-FSB,X40146,WJA0AA,4
125-FSB,T96883,WJA0AA,4
125-FSB,T38844,WJA0AA,4
125-FSB,D11538,WJA0AA,4
125-FSB,E32466,WJA0AA,4
125-FSB,T63093,WJA0AA,6
125-FSB,W98825,WJA0AA,6
125-FSB,S70027,WJA0AA,6
125-FSB,S75175,WJA0AA,6
125-FSB,W95537,WJA0AA,7
125-FSB,G53778,WJA0AA,7
125-FSB,S30982,WJA0AA,8
125-FSB,S73372,WJA0AA,11
125-FSB,D12087,WJA0AA,11
125-FSB,X40794,WJA0AA,16
125-FSB,X62340,WJA0AA,17
125-FSB,X40009,WJA0AA,21
125-FSB,W95811,WJA0AA,24
125-FSB,X59326,WJA0AA,29
125-FSB,T61494,WJA0AA,37
125-ORDBN,T96883,WQ91AA,1
125-ORDBN,W95537,WQ91AA,1
125-ORDBN,X40931,WQ91AA,1
125-ORDBN,X40009,WQ91AA,2
125-ORDBN,W95811,WQ91AA,2
125-ORDBN,Z36272,WQ91AA,2
125-ORDBN,T61494,WQ91AA,12
127-DASB,C18234,WJEQAA,1
127-DASB,T30377,WJEQAA,1
127-DASB,S70243,WJEQAA,1
127-DASB,R11154,WJEQAA,1
127-DASB,R50681,WJEQAA,1
127-DASB,F43003,WJEQAA,1
127-DASB,K24931,WJEQAA,1
127-DASB,E70338,WJEQAA,1
127-DASB,X57271,WJEQAA,1
127-DASB,Y48323,WJEQAA,1
127-DASB,C36151,WJEQAA,1
127-DASB,X62237,WJEQAA,1
127-DASB,G34805,WJEQAA,1
127-DASB,G42170,WJEQAA,1
127-DASB,L76556,WJEQAA,1
127-DASB,T96838,WJEQAA,1
127-DASB,T96883,WJEQAA,1
127-DASB,T10275,WJEQAA,1
127-DASB,C32887,WJEQAA,2
127-DASB,L28351,WJEQAA,2
127-DASB,X40931,WJEQAA,2
127-DASB,T58161,WJEQAA,2
127-DASB,T49255,WJEQAA,2
127-DASB,G38140,WJEQAA,2
127-DASB,X63299,WJEQAA,2
127-DASB,J35492,WJEQAA,2
127-DASB,T61103,WJEQAA,2
127-DASB,T63093,WJEQAA,2
127-DASB,P97051,WJEQAA,2
127-DASB,P44627,WJEQAA,2
127-DASB,T45465,WJEQAA,2
127-DASB,X40146,WJEQAA,3
127-DASB,S70517,WJEQAA,3
127-DASB,T48944,WJEQAA,3
127-DASB,S73372,WJEQAA,3
127-DASB,X23227,WJEQAA,3
127-DASB,W93995,WJEQAA,3
127-DASB,X40831,WJEQAA,3
127-DASB,T59278,WJEQAA,3
127-DASB,S30982,WJEQAA,3
127-DASB,T49119,WJEQAA,3
127-DASB,W98825,WJEQAA,4
127-DASB,S74832,WJEQAA,6
127-DASB,G34815,WJEQAA,7
127-DASB,X59463,WJEQAA,7
127-DASB,J36383,WJEQAA,8
127-DASB,X62340,WJEQAA,8
127-DASB,G78306,WJEQAA,8
127-DASB,T87243,WJEQAA,10
127-DASB,H01855,WJEQAA,10
127-DASB,S70027,WJEQAA,13
127-DASB,S75175,WJEQAA,16
127-DASB,W95537,WJEQAA,19
127-DASB,X40794,WJEQAA,20
127-DASB,W95811,WJEQAA,21
127-DASB,X40009,WJEQAA,24
127-DASB,X59326,WJEQAA,35
127-DASB,T61494,WJEQAA,37
130-ENGBDE,X40146,WHDLAA,1
130-ENGBDE,W98825,WHDLAA,1
130-ENGBDE,X62237,WHDLAA,1
130-ENGBDE,L28351,WHDLAA,1
130-ENGBDE,J35492,WHDLAA,1
130-ENGBDE,C32887,WHDLAA,1
130-ENGBDE,W95537,WHDLAA,3
130-ENGBDE,W95811,WHDLAA,3
130-ENGBDE,X40009,WHDLAA,4
130-ENGBDE,T61494,WHDLAA,23
141-SIGBN,Z71517,WAPEAA,1
141-SIGBN,G40744,WAPEAA,1
141-SIGBN,J35492,WAPEAA,1
141-SIGBN,Z24079,WAPEAA,1
141-SIGBN,L28351,WAPEAA,2
141-SIGBN,K28601,WAPEAA,3
141-SIGBN,X63299,WAPEAA,3
141-SIGBN,S37228,WAPEAA,4
141-SIGBN,S47921,WAPEAA,4
141-SIGBN,X40794,WAPEAA,4
141-SIGBN,X40146,WAPEAA,4
141-SIGBN,C32887,WAPEAA,4
141-SIGBN,T96883,WAPEAA,4
141-SIGBN,M04268,WAPEAA,5
141-SIGBN,W98825,WAPEAA,5
141-SIGBN,T07679,WAPEAA,7
141-SIGBN,W95811,WAPEAA,8
141-SIGBN,Z12353,WAPEAA,12
141-SIGBN,X40009,WAPEAA,13
141-SIGBN,L69442,WAPEAA,16
141-SIGBN,L69306,WAPEAA,21
141-SIGBN,G42170,WAPEAA,28
141-SIGBN,T61562,WAPEAA,29
141-SIGBN,T61494,WAPEAA,40
141-SIGBN,G42238,WAPEAA,47
141-SIGBN,W95537,WAPEAA,61
141-SIGBN,T07543,WAPEAA,86
15-PLS-TRKCO,T30377,WCNPAA,1
15-PLS-TRKCO,C32887,WCNPAA,1
15-PLS-TRKCO,W98825,WCNPAA,1
15-PLS-TRKCO,L28351,WCNPAA,1
15-PLS-TRKCO,T60149,WCNPAA,1
15-PLS-TRKCO,T63093,WCNPAA,2
15-PLS-TRKCO,T87243,WCNPAA,2
15-PLS-TRKCO,T60081,WCNPAA,2
15-PLS-TRKCO,Z36068,WCNPAA,2
15-PLS-TRKCO,T61494,WCNPAA,5
15-PLS-TRKCO,T40999,WCNPAA,48
15-PLS-TRKCO,T93761,WCNPAA,48
16-CSG,L28351,WC9GAA,1
16-CSG,X40931,WC9GAA,1
16-CSG,W95811,WC9GAA,1
16-CSG,T96883,WC9GAA,1
16-CSG,C32887,WC9GAA,1
16-CSG,W98825,WC9GAA,1
16-CSG,X40009,WC9GAA,2
16-CSG,W95537,WC9GAA,5
16-CSG,T61494,WC9GAA,26
16-ENGBN,E56578,WAEUAA,0
16-ENGBN,T13152,WAEUAA,1
16-ENGBN,T30377,WAEUAA,1
16-ENGBN,T63093,WAEUAA,1
16-ENGBN,R50681,WAEUAA,2
16-ENGBN,X40146,WAEUAA,2
16-ENGBN,L28351,WAEUAA,2
16-ENGBN,T59278,WAEUAA,2
16-ENGBN,C32887,WAEUAA,2
16-ENGBN,W95537,WAEUAA,2
16-ENGBN,K28601,WAEUAA,3
16-ENGBN,C11158,WAEUAA,3
16-ENGBN,X40794,WAEUAA,3
16-ENGBN,S30914,WAEUAA,3
16-ENGBN,W98825,WAEUAA,4
16-ENGBN,D11538,WAEUAA,4
16-ENGBN,T87243,WAEUAA,4
16-ENGBN,D11049,WAEUAA,6
16-ENGBN,T39586,WAEUAA,6
16-ENGBN,T61562,WAEUAA,8
16-ENGBN,X40009,WAEUAA,9
16-ENGBN,E02807,WAEUAA,12
16-ENGBN,L43664,WAEUAA,12
16-ENGBN,L67342,WAEUAA,12
16-ENGBN,W76473,WAEUAA,21
16-ENGBN,T61494,WAEUAA,21
16-ENGBN,W95811,WAEUAA,26
16-ENGBN,C18234,WAEUAA,28
18-MAINTBN,W98825,WB0MAA,1
18-MAINTBN,X40968,WB0MAA,1
18-MAINTBN,T96883,WB0MAA,1
18-MAINTBN,J35492,WB0MAA,1
18-MAINTBN,X40009,WB0MAA,2
18-MAINTBN,W95537,WB0MAA,9
18-MAINTBN,T61494,WB0MAA,17
18-MPBDE,X40009,WFPEAA,1
18-MPBDE,W95537,WFPEAA,1
18-MPBDE,X62237,WFPEAA,1
18-MPBDE,J35492,WFPEAA,1
18-MPBDE,X40146,WFPEAA,1
18-MPBDE,C32887,WFPEAA,1
18-MPBDE,G42170,WFPEAA,1
18-MPBDE,W95811,WFPEAA,2
18-MPBDE,T61494,WFPEAA,16
18-PERISH-SUBPLT,T61494,WDNZAA,1
18-PERISH-SUBPLT,T48941,WDNZAA,1
18-PERISH-SUBPLT,R11154,WDNZAA,1
18-PERISH-SUBPLT,Z36068,WDNZAA,1
18-PERISH-SUBPLT,Z94047,WDNZAA,1
18-PERISH-SUBPLT,Z90712,WDNZAA,1
18-PERISH-SUBPLT,T60149,WDNZAA,1
18-PERISH-SUBPLT,E32466,WDNZAA,1
18-PERISH-SUBPLT,F79334,WDNZAA,1
18-PERISH-SUBPLT,T49255,WDNZAA,1
18-PERISH-SUBPLT,T61239,WDNZAA,16
18-PERISH-SUBPLT,S70027,WDNZAA,21
181-TCBN,W98825,WCKXAA,1
181-TCBN,G40744,WCKXAA,1
181-TCBN,W95537,WCKXAA,2
181-TCBN,X40009,WCKXAA,2
181-TCBN,T61494,WCKXAA,9
19-MMC,X40831,WH3FAA,1
19-MMC,J35492,WH3FAA,1
19-MMC,X40146,WH3FAA,1
19-MMC,E32466,WH3FAA,1
19-MMC,L28351,WH3FAA,2
19-MMC,W98825,WH3FAA,2
19-MMC,D78325,WH3FAA,2
19-MMC,X62237,WH3FAA,2
19-MMC,X59326,WH3FAA,2
19-MMC,W95811,WH3FAA,2
19-MMC,X40009,WH3FAA,5
19-MMC,W95537,WH3FAA,20
19-MMC,T61494,WH3FAA,30
191-ORDBN,X40009,WFMVAA,1
191-ORDBN,X40146,WFMVAA,1
191-ORDBN,W95811,WFMVAA,2
191-ORDBN,W95537,WFMVAA,3
191-ORDBN,T61494,WFMVAA,13
2-3-FABN,X59326,WAEQAA,1
2-3-FABN,C32887,WAEQAA,1
2-3-FABN,S74832,WAEQAA,1
2-3-FABN,T38844,WAEQAA,1
2-3-FABN,K28601,WAEQAA,2
2-3-FABN,T07679,WAEQAA,2
2-3-FABN,T63093,WAEQAA,2
2-3-FABN,T45465,WAEQAA,3
2-3-FABN,R50681,WAEQAA,4
2-3-FABN,T58161,WAEQAA,4
2-3-FABN,L28351,WAEQAA,5
2-3-FABN,W95811,WAEQAA,8
2-3-FABN,X40146,WAEQAA,8
2-3-FABN,T61562,WAEQAA,8
2-3-FABN,W95537,WAEQAA,10
2-3-FABN,W98825,WAEQAA,10
2-3-FABN,X40009,WAEQAA,12
2-3-FABN,C11158,WAEQAA,13
2-3-FABN,C12155,WAEQAA,15
2-3-FABN,H57642,WAEQAA,18
2-3-FABN,C10908,WAEQAA,18
2-3-FABN,T41067,WAEQAA,18
2-3-FABN,T61494,WAEQAA,41
2-37-ARBN,C32887,WAD9AA,1
2-37-ARBN,T63093,WAD9AA,1
2-37-ARBN,T61562,WAD9AA,1
2-37-ARBN,X63299,WAD9AA,1
2-37-ARBN,T96883,WAD9AA,1
2-37-ARBN,T07679,WAD9AA,2
2-37-ARBN,C11158,WAD9AA,3
2-37-ARBN,S70517,WAD9AA,3
2-37-ARBN,X59463,WAD9AA,3
2-37-ARBN,L28351,WAD9AA,3
2-37-ARBN,X40794,WAD9AA,4
2-37-ARBN,T39518,WAD9AA,4
2-37-ARBN,C10990,WAD9AA,4
2-37-ARBN,K28601,WAD9AA,4
2-37-ARBN,M68405,WAD9AA,4
2-37-ARBN,D11538,WAD9AA,4
2-37-ARBN,X40146,WAD9AA,4
2-37-ARBN,W95537,WAD9AA,6
2-37-ARBN,R50681,WAD9AA,6
2-37-ARBN,W98825,WAD9AA,7
2-37-ARBN,T59278,WAD9AA,8
2-37-ARBN,Z62630,WAD9AA,10
2-37-ARBN,C18234,WAD9AA,13
2-37-ARBN,T87243,WAD9AA,13
2-37-ARBN,W95811,WAD9AA,18
2-37-ARBN,X40009,WAD9AA,23
2-37-ARBN,T61494,WAD9AA,28
2-37-ARBN,T13168,WAD9AA,44
2-4-FABN-MLRS,C32887,WH1SAA,1
2-4-FABN-MLRS,T38844,WH1SAA,1
2-4-FABN-MLRS,X40794,WH1SAA,3
2-4-FABN-MLRS,T61562,WH1SAA,3
2-4-FABN-MLRS,T63093,WH1SAA,3
2-4-FABN-MLRS,R50681,WH1SAA,4
2-4-FABN-MLRS,L28351,WH1SAA,4
2-4-FABN-MLRS,T39654,WH1SAA,6
2-4-FABN-MLRS,W95537,WH1SAA,6
2-4-FABN-MLRS,X40146,WH1SAA,7
2-4-FABN-MLRS,T58161,WH1SAA,7
2-4-FABN-MLRS,W95811,WH1SAA,7
2-4-FABN-MLRS,W98825,WH1SAA,8
2-4-FABN-MLRS,X40009,WH1SAA,11
2-4-FABN-MLRS,C11158,WH1SAA,12
2-4-FABN-MLRS,L44894,WH1SAA,18
2-4-FABN-MLRS,T39586,WH1SAA,30
2-4-FABN-MLRS,T45465,WH1SAA,36
2-4-FABN-MLRS,T61494,WH1SAA,40
2-501-AVNBN,C32887,WDUVAA,1
2-501-AVNBN,T96883,WDUVAA,1
2-501-AVNBN,X40146,WDUVAA,1
2-501-AVNBN,J49055,WDUVAA,1
2-501-AVNBN,F43003,WDUVAA,1
2-501-AVNBN,X62340,WDUVAA,1
2-501-AVNBN,X23227,WDUVAA,1
2-501-AVNBN,W93995,WDUVAA,1
2-501-AVNBN,T63093,WDUVAA,1
2-501-AVNBN,G53778,WDUVAA,1
2-501-AVNBN,G53403,WDUVAA,1
2-501-AVNBN,X40794,WDUVAA,1
2-501-AVNBN,P44627,WDUVAA,2
2-501-AVNBN,K28601,WDUVAA,2
2-501-AVNBN,K24931,WDUVAA,2
2-501-AVNBN,F79334,WDUVAA,2
2-501-AVNBN,L28351,WDUVAA,2
2-501-AVNBN,T58161,WDUVAA,2
2-501-AVNBN,X40931,WDUVAA,2
2-501-AVNBN,T07679,WDUVAA,2
2-501-AVNBN,X48914,WDUVAA,2
2-501-AVNBN,H30616,WDUVAA,3
2-501-AVNBN,G34805,WDUVAA,3
2-501-AVNBN,W98825,WDUVAA,4
2-501-AVNBN,T45465,WDUVAA,4
2-501-AVNBN,T87243,WDUVAA,5
2-501-AVNBN,X40009,WDUVAA,12
2-501-AVNBN,W95811,WDUVAA,12
2-501-AVNBN,W95537,WDUVAA,17
2-501-AVNBN,K32293,WDUVAA,24
2-501-AVNBN,T61494,WDUVAA,28
2-6-INFBN,T63093,WAPWAA,1
2-6-INFBN,X63299,WAPWAA,1
2-6-INFBN,X40931,WAPWAA,1
2-6-INFBN,T96883,WAPWAA,1
2-6-INFBN,C32887,WAPWAA,1
2-6-INFBN,C11158,WAPWAA,3
2-6-INFBN,L28351,WAPWAA,3
2-6-INFBN,X40794,WAPWAA,3
2-6-INFBN,C10990,WAPWAA,4
2-6-INFBN,T39518,WAPWAA,4
2-6-INFBN,W95537,WAPWAA,4
2-6-INFBN,M68405,WAPWAA,4
2-6-INFBN,K28601,WAPWAA,4
2-6-INFBN,D11538,WAPWAA,4
2-6-INFBN,X40146,WAPWAA,4
2-6-INFBN,T87243,WAPWAA,6
2-6-INFBN,T59278,WAPWAA,6
2-6-INFBN,R50681,WAPWAA,6
2-6-INFBN,W98825,WAPWAA,7
2-6-INFBN,Z62630,WAPWAA,10
2-6-INFBN,C18234,WAPWAA,14
2-6-INFBN,W95811,WAPWAA,21
2-6-INFBN,T61494,WAPWAA,28
2-6-INFBN,X40009,WAPWAA,28
2-6-INFBN,F40375,WAPWAA,44
2-70-ARBN,T63093,WAZBAA,1
2-70-ARBN,E32466,WAZBAA,1
2-70-ARBN,T61562,WAZBAA,1
2-70-ARBN,X63299,WAZBAA,1
2-70-ARBN,T96883,WAZBAA,1
2-70-ARBN,S70517,WAZBAA,3
2-70-ARBN,X59463,WAZBAA,3
2-70-ARBN,L28351,WAZBAA,3
2-70-ARBN,C10990,WAZBAA,4
2-70-ARBN,X40146,WAZBAA,4
2-70-ARBN,T39518,WAZBAA,4
2-70-ARBN,W95537,WAZBAA,4
2-70-ARBN,K28601,WAZBAA,4
2-70-ARBN,X40794,WAZBAA,4
2-70-ARBN,T92242,WAZBAA,5
2-70-ARBN,T92310,WAZBAA,5
2-70-ARBN,R50681,WAZBAA,6
2-70-ARBN,D11538,WAZBAA,7
2-70-ARBN,W98825,WAZBAA,7
2-70-ARBN,T59278,WAZBAA,8
2-70-ARBN,T87243,WAZBAA,13
2-70-ARBN,D12087,WAZBAA,13
2-70-ARBN,W95811,WAZBAA,18
2-70-ARBN,X40009,WAZBAA,24
2-70-ARBN,T61494,WAZBAA,28
2-70-ARBN,T13168,WAZBAA,44
2-BDE-1-AD,T87243,WAPGAA,1
2-BDE-1-AD,W98825,WAPGAA,1
2-BDE-1-AD,X40794,WAPGAA,1
2-BDE-1-AD,L28351,WAPGAA,1
2-BDE-1-AD,R50681,WAPGAA,1
2-BDE-1-AD,K28601,WAPGAA,1
2-BDE-1-AD,C32887,WAPGAA,1
2-BDE-1-AD,C18234,WAPGAA,1
2-BDE-1-AD,X40146,WAPGAA,1
2-BDE-1-AD,D11538,WAPGAA,1
2-BDE-1-AD,T63093,WAPGAA,1
2-BDE-1-AD,G42238,WAPGAA,1
2-BDE-1-AD,W95811,WAPGAA,3
2-BDE-1-AD,X40009,WAPGAA,3
2-BDE-1-AD,C11158,WAPGAA,5
2-BDE-1-AD,W95537,WAPGAA,5
2-BDE-1-AD,T61494,WAPGAA,15
205-MIBDE,G40744,WH8HAA,1
205-MIBDE,W95811,WH8HAA,2
205-MIBDE,W95537,WH8HAA,3
205-MIBDE,X40009,WH8HAA,3
205-MIBDE,T61494,WH8HAA,11
208-SCCO,X40794,WCF0AA,1
208-SCCO,P42262,WCF0AA,1
208-SCCO,T96883,WCF0AA,1
208-SCCO,L28351,WCF0AA,1
208-SCCO,E32466,WCF0AA,1
208-SCCO,X63299,WCF0AA,1
208-SCCO,W98825,WCF0AA,2
208-SCCO,S47921,WCF0AA,2
208-SCCO,W95811,WCF0AA,2
208-SCCO,K28601,WCF0AA,3
208-SCCO,M04268,WCF0AA,3
208-SCCO,S37228,WCF0AA,3
208-SCCO,Z12353,WCF0AA,3
208-SCCO,X40009,WCF0AA,4
208-SCCO,T61562,WCF0AA,9
208-SCCO,G42170,WCF0AA,11
208-SCCO,T61494,WCF0AA,12
208-SCCO,L69442,WCF0AA,18
208-SCCO,Z36272,WCF0AA,23
208-SCCO,G42238,WCF0AA,25
208-SCCO,T07543,WCF0AA,45
22-SIGBDE,W98825,WCDWAA,1
22-SIGBDE,T96883,WCDWAA,1
22-SIGBDE,C32887,WCDWAA,1
22-SIGBDE,L28351,WCDWAA,1
22-SIGBDE,X63299,WCDWAA,1
22-SIGBDE,X40146,WCDWAA,1
22-SIGBDE,G42238,WCDWAA,2
22-SIGBDE,T07679,WCDWAA,2
22-SIGBDE,G78306,WCDWAA,2
22-SIGBDE,G35851,WCDWAA,2
22-SIGBDE,X40794,WCDWAA,3
22-SIGBDE,X62237,WCDWAA,3
22-SIGBDE,G42170,WCDWAA,4
22-SIGBDE,T07543,WCDWAA,6
22-SIGBDE,W95537,WCDWAA,6
22-SIGBDE,W95811,WCDWAA,7
22-SIGBDE,X40009,WCDWAA,15
22-SIGBDE,T61494,WCDWAA,25
226-MAINTCO,L28351,WD4PAA,1
226-MAINTCO,Z94560,WD4PAA,1
226-MAINTCO,C36151,WD4PAA,1
226-MAINTCO,T49255,WD4PAA,1
226-MAINTCO,W95811,WD4PAA,1
226-MAINTCO,S70517,WD4PAA,1
226-MAINTCO,T30377,WD4PAA,1
226-MAINTCO,T10549,WD4PAA,1
226-MAINTCO,T10275,WD4PAA,1
226-MAINTCO,R11154,WD4PAA,1
226-MAINTCO,T60149,WD4PAA,1
226-MAINTCO,G78306,WD4PAA,1
226-MAINTCO,Z94047,WD4PAA,1
226-MAINTCO,W98825,WD4PAA,2
226-MAINTCO,S74832,WD4PAA,2
226-MAINTCO,G53778,WD4PAA,2
226-MAINTCO,T61704,WD4PAA,3
226-MAINTCO,H01855,WD4PAA,3
226-MAINTCO,G35851,WD4PAA,4
226-MAINTCO,W95537,WD4PAA,5
226-MAINTCO,G42170,WD4PAA,5
226-MAINTCO,P42262,WD4PAA,6
226-MAINTCO,T61908,WD4PAA,6
226-MAINTCO,S70027,WD4PAA,8
226-MAINTCO,T93484,WD4PAA,10
226-MAINTCO,T63093,WD4PAA,11
226-MAINTCO,Z36068,WD4PAA,14
226-MAINTCO,S75175,WD4PAA,15
226-MAINTCO,S30982,WD4PAA,17
226-MAINTCO,T61494,WD4PAA,23
226-MAINTCO,T61239,WD4PAA,26
226-MAINTCO,T07679,WD4PAA,30
226-MAINTCO,T60081,WD4PAA,30
227-SUPPLYCO,S74079,WEVGAA,1
227-SUPPLYCO,W98825,WEVGAA,1
227-SUPPLYCO,L28351,WEVGAA,1
227-SUPPLYCO,W95537,WEVGAA,1
227-SUPPLYCO,T94709,WEVGAA,1
227-SUPPLYCO,E32466,WEVGAA,1
227-SUPPLYCO,T61908,WEVGAA,3
227-SUPPLYCO,Z94047,WEVGAA,3
227-SUPPLYCO,T60149,WEVGAA,3
227-SUPPLYCO,T60081,WEVGAA,3
227-SUPPLYCO,T48941,WEVGAA,4
227-SUPPLYCO,R11154,WEVGAA,4
227-SUPPLYCO,Z36068,WEVGAA,5
227-SUPPLYCO,T61494,WEVGAA,6
227-SUPPLYCO,T49119,WEVGAA,6
227-SUPPLYCO,Z90712,WEVGAA,6
227-SUPPLYCO,F79334,WEVGAA,6
227-SUPPLYCO,T49255,WEVGAA,8
227-SUPPLYCO,S70027,WEVGAA,23
227-SUPPLYCO,T61239,WEVGAA,51
23-ORDCO,X40146,WB3TAA,1
23-ORDCO,C32887,WB3TAA,1
23-ORDCO,W76816,WB3TAA,1
23-ORDCO,L28351,WB3TAA,1
23-ORDCO,W95537,WB3TAA,1
23-ORDCO,T63093,WB3TAA,1
23-ORDCO,S70594,WB3TAA,1
23-ORDCO,W98825,WB3TAA,1
23-ORDCO,G42170,WB3TAA,2
23-ORDCO,H56391,WB3TAA,2
23-ORDCO,G40744,WB3TAA,2
23-ORDCO,T49096,WB3TAA,2
23-ORDCO,X40009,WB3TAA,2
23-ORDCO,X40931,WB3TAA,2
23-ORDCO,T73645,WB3TAA,4
23-ORDCO,W95811,WB3TAA,4
23-ORDCO,S70517,WB3TAA,6
23-ORDCO,C39398,WB3TAA,6
23-ORDCO,C36151,WB3TAA,6
23-ORDCO,F79334,WB3TAA,6
23-ORDCO,T61494,WB3TAA,7
23-ORDCO,T91656,WB3TAA,7
23-ORDCO,X40794,WB3TAA,8
23-ORDCO,T93761,WB3TAA,9
23-ORDCO,T40999,WB3TAA,9
23-ORDCO,T48944,WB3TAA,12
238-POL-TRKCO,C32887,WS1AAA,1
238-POL-TRKCO,W98825,WS1AAA,1
238-POL-TRKCO,X63299,WS1AAA,1
238-POL-TRKCO,L28351,WS1AAA,1
238-POL-TRKCO,X40931,WS1AAA,1
238-POL-TRKCO,S73372,WS1AAA,1
238-POL-TRKCO,X40794,WS1AAA,2
238-POL-TRKCO,W95811,WS1AAA,2
238-POL-TRKCO,T61494,WS1AAA,5
238-POL-TRKCO,S10059,WS1AAA,60
238-POL-TRKCO,X59326,WS1AAA,61
24-ORDCO,T63093,WDHJAA,1
24-ORDCO,T60149,WDHJAA,1
24-ORDCO,E32466,WDHJAA,1
24-ORDCO,W98825,WDHJAA,3
24-ORDCO,T41135,WDHJAA,3
24-ORDCO,S70594,WDHJAA,3
24-ORDCO,L28351,WDHJAA,3
24-ORDCO,G53778,WDHJAA,3
24-ORDCO,W76816,WDHJAA,3
24-ORDCO,H56391,WDHJAA,3
24-ORDCO,Z94560,WDHJAA,3
24-ORDCO,Z94047,WDHJAA,3
24-ORDCO,T60081,WDHJAA,4
24-ORDCO,S70517,WDHJAA,5
24-ORDCO,T93761,WDHJAA,6
24-ORDCO,T61908,WDHJAA,6
24-ORDCO,C36151,WDHJAA,6
24-ORDCO,T91656,WDHJAA,8
24-ORDCO,Z36068,WDHJAA,8
24-ORDCO,T40999,WDHJAA,9
24-ORDCO,F79334,WDHJAA,9
24-ORDCO,T48944,WDHJAA,9
24-ORDCO,T61494,WDHJAA,13
240-SSCO,W98825,WE7PAA,1
240-SSCO,L28351,WE7PAA,1
240-SSCO,W91074,WE7PAA,1
240-SSCO,J35492,WE7PAA,1
240-SSCO,X63299,WE7PAA,1
240-SSCO,C32887,WE7PAA,1
240-SSCO,X40146,WE7PAA,1
240-SSCO,R11154,WE7PAA,2
240-SSCO,W95537,WE7PAA,2
240-SSCO,T48941,WE7PAA,2
240-SSCO,W95811,WE7PAA,3
240-SSCO,W47225,WE7PAA,3
240-SSCO,X40009,WE7PAA,3
240-SSCO,P97051,WE7PAA,4
240-SSCO,F79334,WE7PAA,4
240-SSCO,T49255,WE7PAA,5
240-SSCO,S70027,WE7PAA,6
240-SSCO,T96883,WE7PAA,6
240-SSCO,X40794,WE7PAA,8
240-SSCO,T61494,WE7PAA,8
240-SSCO,S73372,WE7PAA,9
240-SSCO,X59326,WE7PAA,12
244-ENGBN-CBTHVY,L76315,WS5DAA,1
244-ENGBN-CBTHVY,T10549,WS5DAA,1
244-ENGBN-CBTHVY,T30377,WS5DAA,1
244-ENGBN-CBTHVY,T38844,WS5DAA,1
244-ENGBN-CBTHVY,T13152,WS5DAA,1
244-ENGBN-CBTHVY,E72804,WS5DAA,1
244-ENGBN-CBTHVY,U76871,WS5DAA,1
244-ENGBN-CBTHVY,S11711,WS5DAA,1
244-ENGBN-CBTHVY,K25215,WS5DAA,1
244-ENGBN-CBTHVY,T49255,WS5DAA,1
244-ENGBN-CBTHVY,P28083,WS5DAA,1
244-ENGBN-CBTHVY,T10275,WS5DAA,1
244-ENGBN-CBTHVY,Z90381,WS5DAA,1
244-ENGBN-CBTHVY,S70027,WS5DAA,1
244-ENGBN-CBTHVY,L76321,WS5DAA,2
244-ENGBN-CBTHVY,S74832,WS5DAA,2
244-ENGBN-CBTHVY,F43364,WS5DAA,2
244-ENGBN-CBTHVY,E02670,WS5DAA,2
244-ENGBN-CBTHVY,W88699,WS5DAA,2
244-ENGBN-CBTHVY,G40744,WS5DAA,2
244-ENGBN-CBTHVY,L21437,WS5DAA,2
244-ENGBN-CBTHVY,G27844,WS5DAA,2
244-ENGBN-CBTHVY,F43429,WS5DAA,2
244-ENGBN-CBTHVY,T42725,WS5DAA,3
244-ENGBN-CBTHVY,L28351,WS5DAA,3
244-ENGBN-CBTHVY,X59326,WS5DAA,3
244-ENGBN-CBTHVY,E61618,WS5DAA,3
244-ENGBN-CBTHVY,U12063,WS5DAA,4
244-ENGBN-CBTHVY,L85283,WS5DAA,5
244-ENGBN-CBTHVY,T63093,WS5DAA,5
244-ENGBN-CBTHVY,S12916,WS5DAA,5
244-ENGBN-CBTHVY,X40146,WS5DAA,5
244-ENGBN-CBTHVY,C32887,WS5DAA,5
244-ENGBN-CBTHVY,W98825,WS5DAA,6
244-ENGBN-CBTHVY,X40794,WS5DAA,6
244-ENGBN-CBTHVY,L76556,WS5DAA,6
244-ENGBN-CBTHVY,T16988,WS5DAA,6
244-ENGBN-CBTHVY,W95537,WS5DAA,6
244-ENGBN-CBTHVY,W58486,WS5DAA,6
244-ENGBN-CBTHVY,D28318,WS5DAA,6
244-ENGBN-CBTHVY,P11866,WS5DAA,7
244-ENGBN-CBTHVY,T87243,WS5DAA,9
244-ENGBN-CBTHVY,G74783,WS5DAA,9
244-ENGBN-CBTHVY,T07679,WS5DAA,9
244-ENGBN-CBTHVY,W76816,WS5DAA,9
244-ENGBN-CBTHVY,S56246,WS5DAA,12
244-ENGBN-CBTHVY,W83529,WS5DAA,12
244-ENGBN-CBTHVY,X44403,WS5DAA,13
244-ENGBN-CBTHVY,F79334,WS5DAA,14
244-ENGBN-CBTHVY,S70594,WS5DAA,23
244-ENGBN-CBTHVY,X40009,WS5DAA,24
244-ENGBN-CBTHVY,T61171,WS5DAA,29
244-ENGBN-CBTHVY,X43708,WS5DAA,30
244-ENGBN-CBTHVY,T61494,WS5DAA,36
244-ENGBN-CBTHVY,W95811,WS5DAA,40
26-SSCO,L28351,WH1LAA,1
26-SSCO,X63299,WH1LAA,1
26-SSCO,C32887,WH1LAA,1
26-SSCO,X40146,WH1LAA,1
26-SSCO,W98825,WH1LAA,1
26-SSCO,J35492,WH1LAA,1
26-SSCO,W95537,WH1LAA,2
26-SSCO,T48941,WH1LAA,2
26-SSCO,R11154,WH1LAA,2
26-SSCO,X40009,WH1LAA,3
26-SSCO,W47225,WH1LAA,3
26-SSCO,W95811,WH1LAA,3
26-SSCO,F79334,WH1LAA,4
26-SSCO,P97051,WH1LAA,4
26-SSCO,T49255,WH1LAA,5
26-SSCO,S70027,WH1LAA,6
26-SSCO,T96883,WH1LAA,6
26-SSCO,X40794,WH1LAA,8
26-SSCO,T61494,WH1LAA,8
26-SSCO,S73372,WH1LAA,9
26-SSCO,X59326,WH1LAA,12
263-FLDSVC-CO,L28351,WQ1FAA,1
263-FLDSVC-CO,W98825,WQ1FAA,1
263-FLDSVC-CO,C32887,WQ1FAA,1
263-FLDSVC-CO,X40146,WQ1FAA,1
263-FLDSVC-CO,E40961,WQ1FAA,2
263-FLDSVC-CO,X40009,WQ1FAA,2
263-FLDSVC-CO,T96883,WQ1FAA,2
263-FLDSVC-CO,T61494,WQ1FAA,3
263-FLDSVC-CO,X40794,WQ1FAA,6
263-FLDSVC-CO,X40077,WQ1FAA,8
263-FLDSVC-CO,W95811,WQ1FAA,9
263-FLDSVC-CO,L48315,WQ1FAA,12
27-TCBN-MVTCTRL,W95811,WCPPAA,1
27-TCBN-MVTCTRL,X40009,WCPPAA,1
27-TCBN-MVTCTRL,G42170,WCPPAA,1
27-TCBN-MVTCTRL,T61494,WCPPAA,21
28-TCBN,G40744,WCKNAA,1
28-TCBN,W98825,WCKNAA,1
28-TCBN,W95537,WCKNAA,2
28-TCBN,X40009,WCKNAA,2
28-TCBN,T61494,WCKNAA,9
286-ADA-SCCO,P42262,WAYRAA,1
286-ADA-SCCO,X40794,WAYRAA,1
286-ADA-SCCO,L28351,WAYRAA,1
286-ADA-SCCO,X63299,WAYRAA,1
286-ADA-SCCO,T96883,WAYRAA,1
286-ADA-SCCO,E32466,WAYRAA,1
286-ADA-SCCO,W98825,WAYRAA,2
286-ADA-SCCO,S47921,WAYRAA,2
286-ADA-SCCO,W95811,WAYRAA,2
286-ADA-SCCO,M04268,WAYRAA,3
286-ADA-SCCO,Z12353,WAYRAA,3
286-ADA-SCCO,K28601,WAYRAA,3
286-ADA-SCCO,S37228,WAYRAA,3
286-ADA-SCCO,X40009,WAYRAA,4
286-ADA-SCCO,T61562,WAYRAA,9
286-ADA-SCCO,G42170,WAYRAA,11
286-ADA-SCCO,T61494,WAYRAA,12
286-ADA-SCCO,L69442,WAYRAA,18
286-ADA-SCCO,W95537,WAYRAA,23
286-ADA-SCCO,G42238,WAYRAA,25
286-ADA-SCCO,T07543,WAYRAA,45
29-SPTGP,W98825,WCAYAA,1
29-SPTGP,C32887,WCAYAA,1
29-SPTGP,L28351,WCAYAA,1
29-SPTGP,X40931,WCAYAA,1
29-SPTGP,X63299,WCAYAA,1
29-SPTGP,X40009,WCAYAA,2
29-SPTGP,W95811,WCAYAA,2
29-SPTGP,W95537,WCAYAA,5
29-SPTGP,T61494,WCAYAA,28
3-13-FABN-155,C32887,WG1DAA,1
3-13-FABN-155,T38844,WG1DAA,1
3-13-FABN-155,X40794,WG1DAA,3
3-13-FABN-155,T63093,WG1DAA,3
3-13-FABN-155,T61562,WG1DAA,3
3-13-FABN-155,R50681,WG1DAA,4
3-13-FABN-155,L28351,WG1DAA,4
3-13-FABN-155,T39654,WG1DAA,6
3-13-FABN-155,W95537,WG1DAA,6
3-13-FABN-155,X40146,WG1DAA,7
3-13-FABN-155,W95811,WG1DAA,7
3-13-FABN-155,T58161,WG1DAA,7
3-13-FABN-155,W98825,WG1DAA,8
3-13-FABN-155,X40009,WG1DAA,11
3-13-FABN-155,C11158,WG1DAA,12
3-13-FABN-155,L44894,WG1DAA,18
3-13-FABN-155,T39586,WG1DAA,30
3-13-FABN-155,T45465,WG1DAA,36
3-13-FABN-155,T61494,WG1DAA,40
3-BDE-1-AD,D12087,WAHEAA,1
3-BDE-1-AD,X40794,WAHEAA,1
3-BDE-1-AD,W98825,WAHEAA,1
3-BDE-1-AD,R50681,WAHEAA,1
3-BDE-1-AD,L28351,WAHEAA,1
3-BDE-1-AD,T87243,WAHEAA,1
3-BDE-1-AD,X40146,WAHEAA,1
3-BDE-1-AD,T63093,WAHEAA,1
3-BDE-1-AD,W95811,WAHEAA,3
3-BDE-1-AD,X40009,WAHEAA,3
3-BDE-1-AD,D11538,WAHEAA,6
3-BDE-1-AD,W95537,WAHEAA,6
3-BDE-1-AD,T61494,WAHEAA,15
3-SUPCOM-HQ,X62237,WBG0AA,1
3-SUPCOM-HQ,X63299,WBG0AA,1
3-SUPCOM-HQ,C32887,WBG0AA,1
3-SUPCOM-HQ,X40831,WBG0AA,1
3-SUPCOM-HQ,T96883,WBG0AA,1
3-SUPCOM-HQ,T07543,WBG0AA,1
3-SUPCOM-HQ,L28351,WBG0AA,2
3-SUPCOM-HQ,X40146,WBG0AA,2
3-SUPCOM-HQ,J36383,WBG0AA,2
3-SUPCOM-HQ,W98825,WBG0AA,2
3-SUPCOM-HQ,W95811,WBG0AA,3
3-SUPCOM-HQ,X40009,WBG0AA,4
3-SUPCOM-HQ,W95537,WBG0AA,12
3-SUPCOM-HQ,T61494,WBG0AA,44
30-MEDBDE,L28351,WBG7AA,1
30-MEDBDE,X40146,WBG7AA,1
30-MEDBDE,W95811,WBG7AA,1
30-MEDBDE,X40009,WBG7AA,1
30-MEDBDE,E02807,WBG7AA,1
30-MEDBDE,W98825,WBG7AA,1
30-MEDBDE,W95537,WBG7AA,2
30-MEDBDE,T61494,WBG7AA,15
316-POL-SUPPLYBN,G35226,WSRPAA,1
316-POL-SUPPLYBN,G78306,WSRPAA,1
316-POL-SUPPLYBN,X40794,WSRPAA,1
316-POL-SUPPLYBN,L33800,WSRPAA,1
316-POL-SUPPLYBN,X40009,WSRPAA,1
316-POL-SUPPLYBN,W95537,WSRPAA,3
316-POL-SUPPLYBN,T61494,WSRPAA,13
317-MAINTCO,R11154,WET9AA,1
317-MAINTCO,T30377,WET9AA,1
317-MAINTCO,T10549,WET9AA,1
317-MAINTCO,X40146,WET9AA,1
317-MAINTCO,X40420,WET9AA,1
317-MAINTCO,T96883,WET9AA,1
317-MAINTCO,G78306,WET9AA,1
317-MAINTCO,T49255,WET9AA,1
317-MAINTCO,T49119,WET9AA,1
317-MAINTCO,L28351,WET9AA,1
317-MAINTCO,C36151,WET9AA,1
317-MAINTCO,X62237,WET9AA,1
317-MAINTCO,S70517,WET9AA,1
317-MAINTCO,T10275,WET9AA,1
317-MAINTCO,S74832,WET9AA,2
317-MAINTCO,J35492,WET9AA,2
317-MAINTCO,S30914,WET9AA,2
317-MAINTCO,R50681,WET9AA,2
317-MAINTCO,W98825,WET9AA,2
317-MAINTCO,X40077,WET9AA,2
317-MAINTCO,G35851,WET9AA,2
317-MAINTCO,C32887,WET9AA,3
317-MAINTCO,H01855,WET9AA,3
317-MAINTCO,X62477,WET9AA,4
317-MAINTCO,T63093,WET9AA,5
317-MAINTCO,X40794,WET9AA,5
317-MAINTCO,S70027,WET9AA,8
317-MAINTCO,S30982,WET9AA,8
317-MAINTCO,T61494,WET9AA,13
317-MAINTCO,W95811,WET9AA,15
317-MAINTCO,S75175,WET9AA,15
317-MAINTCO,X40009,WET9AA,18
317-MAINTCO,X59326,WET9AA,24
343-SUPPLYCO,G53778,WSS7AA,1
343-SUPPLYCO,W98825,WSS7AA,1
343-SUPPLYCO,X63299,WSS7AA,1
343-SUPPLYCO,X40146,WSS7AA,1
343-SUPPLYCO,L28351,WSS7AA,1
343-SUPPLYCO,C32887,WSS7AA,1
343-SUPPLYCO,R11154,WSS7AA,2
343-SUPPLYCO,Z36272,WSS7AA,2
343-SUPPLYCO,T48941,WSS7AA,2
343-SUPPLYCO,W47225,WSS7AA,3
343-SUPPLYCO,X40009,WSS7AA,3
343-SUPPLYCO,W95811,WSS7AA,3
343-SUPPLYCO,P97051,WSS7AA,4
343-SUPPLYCO,F79334,WSS7AA,4
343-SUPPLYCO,T49255,WSS7AA,5
343-SUPPLYCO,T96883,WSS7AA,6
343-SUPPLYCO,S70027,WSS7AA,6
343-SUPPLYCO,X40794,WSS7AA,8
343-SUPPLYCO,T61494,WSS7AA,8
343-SUPPLYCO,S73372,WSS7AA,9
343-SUPPLYCO,X59326,WSS7AA,12
37-TRANSGP,X40009,WCJZAA,1
37-TRANSGP,W98825,WCJZAA,1
37-TRANSGP,L28351,WCJZAA,1
37-TRANSGP,G40744,WCJZAA,2
37-TRANSGP,T61494,WCJZAA,10
372-CGO-TRANSCO,L28351,WFSRAA,1
372-CGO-TRANSCO,W76816,WFSRAA,1
372-CGO-TRANSCO,W98825,WFSRAA,1
372-CGO-TRANSCO,T60149,WFSRAA,1
372-CGO-TRANSCO,Y48323,WFSRAA,1
372-CGO-TRANSCO,C32887,WFSRAA,1
372-CGO-TRANSCO,S70517,WFSRAA,1
372-CGO-TRANSCO,T63093,WFSRAA,1
372-CGO-TRANSCO,T91656,WFSRAA,1
372-CGO-TRANSCO,Z36068,WFSRAA,2
372-CGO-TRANSCO,T60081,WFSRAA,2
372-CGO-TRANSCO,Z90712,WFSRAA,2
372-CGO-TRANSCO,T59048,WFSRAA,4
372-CGO-TRANSCO,S70859,WFSRAA,4
372-CGO-TRANSCO,T61908,WFSRAA,6
372-CGO-TRANSCO,C39398,WFSRAA,8
372-CGO-TRANSCO,T49255,WFSRAA,8
372-CGO-TRANSCO,R11154,WFSRAA,8
372-CGO-TRANSCO,T61103,WFSRAA,8
372-CGO-TRANSCO,T60353,WFSRAA,8
372-CGO-TRANSCO,F79334,WFSRAA,16
372-CGO-TRANSCO,T48941,WFSRAA,16
372-CGO-TRANSCO,T61494,WFSRAA,17
372-CGO-TRANSCO,S70159,WFSRAA,32
377-HVY-TRKCO,S75175,WCMBAA,1
377-HVY-TRKCO,G42170,WCMBAA,1
377-HVY-TRKCO,X40146,WCMBAA,1
377-HVY-TRKCO,X62340,WCMBAA,1
377-HVY-TRKCO,W98825,WCMBAA,1
377-HVY-TRKCO,C32887,WCMBAA,1
377-HVY-TRKCO,L28351,WCMBAA,1
377-HVY-TRKCO,S70027,WCMBAA,2
377-HVY-TRKCO,X59326,WCMBAA,2
377-HVY-TRKCO,W95537,WCMBAA,2
377-HVY-TRKCO,S30982,WCMBAA,4
377-HVY-TRKCO,T63093,WCMBAA,4
377-HVY-TRKCO,T87243,WCMBAA,4
377-HVY-TRKCO,W95811,WCMBAA,7
377-HVY-TRKCO,X40009,WCMBAA,7
377-HVY-TRKCO,T61494,WCMBAA,11
377-HVY-TRKCO,T59048,WCMBAA,96
377-HVY-TRKCO,S70859,WCMBAA,96
4-1-FABN,C32887,WH9UAA,1
4-1-FABN,X59326,WH9UAA,1
4-1-FABN,T38844,WH9UAA,1
4-1-FABN,S74832,WH9UAA,1
4-1-FABN,T63093,WH9UAA,2
4-1-FABN,K28601,WH9UAA,2
4-1-FABN,T45465,WH9UAA,3
4-1-FABN,T58161,WH9UAA,4
4-1-FABN,R50681,WH9UAA,4
4-1-FABN,L28351,WH9UAA,5
4-1-FABN,X40146,WH9UAA,8
4-1-FABN,W95811,WH9UAA,8
4-1-FABN,T61562,WH9UAA,8
4-1-FABN,W95537,WH9UAA,9
4-1-FABN,W98825,WH9UAA,10
4-1-FABN,D11538,WH9UAA,13
4-1-FABN,X40009,WH9UAA,13
4-1-FABN,C12155,WH9UAA,15
4-1-FABN,C10908,WH9UAA,18
4-1-FABN,T41067,WH9UAA,18
4-1-FABN,H57642,WH9UAA,18
4-1-FABN,T61494,WH9UAA,40
4-27-FABN,C32887,WH28AA,1
4-27-FABN,X59326,WH28AA,1
4-27-FABN,S74832,WH28AA,1
4-27-FABN,T38844,WH28AA,1
4-27-FABN,T63093,WH28AA,2
4-27-FABN,K28601,WH28AA,2
4-27-FABN,T07679,WH28AA,2
4-27-FABN,T45465,WH28AA,3
4-27-FABN,R50681,WH28AA,4
4-27-FABN,T58161,WH28AA,4
4-27-FABN,L28351,WH28AA,5
4-27-FABN,X40146,WH28AA,8
4-27-FABN,T61562,WH28AA,8
4-27-FABN,W95811,WH28AA,9
4-27-FABN,W98825,WH28AA,10
4-27-FABN,W95537,WH28AA,10
4-27-FABN,C11158,WH28AA,13
4-27-FABN,X40009,WH28AA,13
4-27-FABN,C12155,WH28AA,15
4-27-FABN,T41067,WH28AA,18
4-27-FABN,H57642,WH28AA,18
4-27-FABN,C10908,WH28AA,18
4-27-FABN,T61494,WH28AA,41
40-ENGBN,E56578,WDKXAA,0
40-ENGBN,T30377,WDKXAA,1
40-ENGBN,T63093,WDKXAA,1
40-ENGBN,T13152,WDKXAA,1
40-ENGBN,C32887,WDKXAA,2
40-ENGBN,L28351,WDKXAA,2
40-ENGBN,W95537,WDKXAA,2
40-ENGBN,R50681,WDKXAA,2
40-ENGBN,T59278,WDKXAA,2
40-ENGBN,X40146,WDKXAA,2
40-ENGBN,C11158,WDKXAA,3
40-ENGBN,S30914,WDKXAA,3
40-ENGBN,K28601,WDKXAA,3
40-ENGBN,X40794,WDKXAA,3
40-ENGBN,D11538,WDKXAA,4
40-ENGBN,T87243,WDKXAA,4
40-ENGBN,W98825,WDKXAA,4
40-ENGBN,D11049,WDKXAA,6
40-ENGBN,T39586,WDKXAA,6
40-ENGBN,T61562,WDKXAA,8
40-ENGBN,X40009,WDKXAA,9
40-ENGBN,E02807,WDKXAA,12
40-ENGBN,L67342,WDKXAA,12
40-ENGBN,L43664,WDKXAA,12
40-ENGBN,T61494,WDKXAA,21
40-ENGBN,W76473,WDKXAA,21
40-ENGBN,W95811,WDKXAA,26
40-ENGBN,C18234,WDKXAA,28
41-FABDE,L28351,WA00AA,1
41-FABDE,X40931,WA00AA,1
41-FABDE,X63299,WA00AA,1
41-FABDE,G35851,WA00AA,1
41-FABDE,J35492,WA00AA,1
41-FABDE,T61562,WA00AA,1
41-FABDE,P28083,WA00AA,1
41-FABDE,P42262,WA00AA,1
41-FABDE,C32887,WA00AA,1
41-FABDE,X40146,WA00AA,1
41-FABDE,X62237,WA00AA,3
41-FABDE,W98825,WA00AA,3
41-FABDE,T07679,WA00AA,3
41-FABDE,W95811,WA00AA,4
41-FABDE,Z36272,WA00AA,4
41-FABDE,X40009,WA00AA,4
41-FABDE,X40794,WA00AA,5
41-FABDE,T61494,WA00AA,18
41-POL-TRKCO,L28351,WCMPAA,1
41-POL-TRKCO,C32887,WCMPAA,1
41-POL-TRKCO,W98825,WCMPAA,1
41-POL-TRKCO,X40146,WCMPAA,1
41-POL-TRKCO,T30377,WCMPAA,1
41-POL-TRKCO,W95811,WCMPAA,2
41-POL-TRKCO,T63093,WCMPAA,2
41-POL-TRKCO,T87243,WCMPAA,2
41-POL-TRKCO,X40009,WCMPAA,2
41-POL-TRKCO,T61494,WCMPAA,5
41-POL-TRKCO,T93761,WCMPAA,48
41-POL-TRKCO,T40999,WCMPAA,48
406-SUPPLYCO,F79334,WEVHAA,4
406-SUPPLYCO,L28351,WEVHAA,1
406-SUPPLYCO,R11154,WEVHAA,3
406-SUPPLYCO,S70027,WEVHAA,2
406-SUPPLYCO,S74079,WEVHAA,1
406-SUPPLYCO,T48941,WEVHAA,3
406-SUPPLYCO,T49119,WEVHAA,5
406-SUPPLYCO,T49255,WEVHAA,6
406-SUPPLYCO,T60081,WEVHAA,3
406-SUPPLYCO,T61239,WEVHAA,2
406-SUPPLYCO,T61494,WEVHAA,5
406-SUPPLYCO,T61908,WEVHAA,2
406-SUPPLYCO,T94709,WEVHAA,1
406-SUPPLYCO,W98825,WEVHAA,1
406-SUPPLYCO,Z36068,WEVHAA,2
406-SUPPLYCO,Z36272,WEVHAA,1
406-SUPPLYCO,Z90712,WEVHAA,2
452-ORDCO,X40146,WQ56AA,1
452-ORDCO,T63093,WQ56AA,1
452-ORDCO,C32887,WQ56AA,1
452-ORDCO,W98825,WQ56AA,3
452-ORDCO,H56391,WQ56AA,3
452-ORDCO,L28351,WQ56AA,3
452-ORDCO,X62237,WQ56AA,3
452-ORDCO,G53778,WQ56AA,3
452-ORDCO,S70594,WQ56AA,3
452-ORDCO,X40931,WQ56AA,3
452-ORDCO,W76816,WQ56AA,3
452-ORDCO,X40009,WQ56AA,4
452-ORDCO,S70517,WQ56AA,5
452-ORDCO,T93761,WQ56AA,6
452-ORDCO,C36151,WQ56AA,6
452-ORDCO,T91656,WQ56AA,8
452-ORDCO,W95811,WQ56AA,8
452-ORDCO,X40794,WQ56AA,9
452-ORDCO,T48944,WQ56AA,9
452-ORDCO,T40999,WQ56AA,9
452-ORDCO,F79334,WQ56AA,9
452-ORDCO,T61494,WQ56AA,13
47-FSB,R50681,WH98AA,1
47-FSB,T49255,WH98AA,1
47-FSB,S70517,WH98AA,1
47-FSB,T30377,WH98AA,1
47-FSB,X40283,WH98AA,1
47-FSB,R11154,WH98AA,1
47-FSB,T10275,WH98AA,1
47-FSB,T49119,WH98AA,1
47-FSB,C36151,WH98AA,1
47-FSB,X41105,WH98AA,1
47-FSB,X59463,WH98AA,1
47-FSB,X62237,WH98AA,2
47-FSB,H01855,WH98AA,2
47-FSB,K28601,WH98AA,3
47-FSB,X62271,WH98AA,3
47-FSB,X48914,WH98AA,3
47-FSB,L28351,WH98AA,3
47-FSB,T40999,WH98AA,3
47-FSB,S74832,WH98AA,3
47-FSB,T48944,WH98AA,3
47-FSB,T93761,WH98AA,3
47-FSB,G35851,WH98AA,4
47-FSB,X63299,WH98AA,4
47-FSB,D11538,WH98AA,4
47-FSB,T96883,WH98AA,4
47-FSB,C32887,WH98AA,4
47-FSB,X40146,WH98AA,4
47-FSB,T38844,WH98AA,4
47-FSB,T07679,WH98AA,4
47-FSB,T07543,WH98AA,6
47-FSB,T96838,WH98AA,6
47-FSB,W98825,WH98AA,6
47-FSB,T63093,WH98AA,6
47-FSB,S75175,WH98AA,6
47-FSB,S70027,WH98AA,6
47-FSB,J35492,WH98AA,7
47-FSB,S30982,WH98AA,8
47-FSB,W95537,WH98AA,10
47-FSB,S73372,WH98AA,11
47-FSB,C18234,WH98AA,11
47-FSB,X62340,WH98AA,16
47-FSB,X40794,WH98AA,16
47-FSB,X40009,WH98AA,21
47-FSB,W95811,WH98AA,24
47-FSB,X59326,WH98AA,29
47-FSB,T61494,WH98AA,36
485-CSB,W98825,WB0UAA,1
485-CSB,J35492,WB0UAA,1
485-CSB,X40968,WB0UAA,1
485-CSB,T96883,WB0UAA,1
485-CSB,X40009,WB0UAA,2
485-CSB,W95537,WB0UAA,9
485-CSB,T61494,WB0UAA,17
5-CORPS,C32887,WAT6AA,1
5-CORPS,T07679,WAT6AA,1
5-CORPS,G42170,WAT6AA,1
5-CORPS,X63299,WAT6AA,1
5-CORPS,X40146,WAT6AA,2
5-CORPS,T96883,WAT6AA,2
5-CORPS,X40794,WAT6AA,2
5-CORPS,C11158,WAT6AA,3
5-CORPS,W95537,WAT6AA,3
5-CORPS,L28351,WAT6AA,4
5-CORPS,W98825,WAT6AA,7
5-CORPS,J35492,WAT6AA,8
5-CORPS,W95811,WAT6AA,12
5-CORPS,X62237,WAT6AA,12
5-CORPS,X40009,WAT6AA,15
5-CORPS,T61494,WAT6AA,49
5-CORPS-ARTY,X40794,WA0TAA,1
5-CORPS-ARTY,C32887,WA0TAA,1
5-CORPS-ARTY,X40146,WA0TAA,1
5-CORPS-ARTY,T96883,WA0TAA,1
5-CORPS-ARTY,P28015,WA0TAA,1
5-CORPS-ARTY,J35492,WA0TAA,1
5-CORPS-ARTY,X63299,WA0TAA,1
5-CORPS-ARTY,G35851,WA0TAA,1
5-CORPS-ARTY,L28351,WA0TAA,1
5-CORPS-ARTY,C11158,WA0TAA,1
5-CORPS-ARTY,W98825,WA0TAA,2
5-CORPS-ARTY,T07543,WA0TAA,2
5-CORPS-ARTY,Z13713,WA0TAA,2
5-CORPS-ARTY,P28151,WA0TAA,2
5-CORPS-ARTY,W95811,WA0TAA,3
5-CORPS-ARTY,X62237,WA0TAA,4
5-CORPS-ARTY,W95537,WA0TAA,6
5-CORPS-ARTY,X40009,WA0TAA,9
5-CORPS-ARTY,T61494,WA0TAA,30
5-MAINTCO,G78306,WB1XAA,1
5-MAINTCO,T96883,WB1XAA,1
5-MAINTCO,T49255,WB1XAA,1
5-MAINTCO,C36151,WB1XAA,1
5-MAINTCO,X62237,WB1XAA,1
5-MAINTCO,R11154,WB1XAA,1
5-MAINTCO,T30377,WB1XAA,1
5-MAINTCO,T10549,WB1XAA,1
5-MAINTCO,T10275,WB1XAA,1
5-MAINTCO,S70517,WB1XAA,1
5-MAINTCO,X40420,WB1XAA,1
5-MAINTCO,X40146,WB1XAA,1
5-MAINTCO,L28351,WB1XAA,1
5-MAINTCO,T49119,WB1XAA,1
5-MAINTCO,G35851,WB1XAA,1
5-MAINTCO,R50681,WB1XAA,1
5-MAINTCO,H01855,WB1XAA,2
5-MAINTCO,X40077,WB1XAA,2
5-MAINTCO,S74832,WB1XAA,2
5-MAINTCO,W98825,WB1XAA,2
5-MAINTCO,J35492,WB1XAA,2
5-MAINTCO,C32887,WB1XAA,3
5-MAINTCO,X40794,WB1XAA,3
5-MAINTCO,X62477,WB1XAA,4
5-MAINTCO,T63093,WB1XAA,6
5-MAINTCO,S70027,WB1XAA,8
5-MAINTCO,S30982,WB1XAA,9
5-MAINTCO,T61494,WB1XAA,15
5-MAINTCO,S75175,WB1XAA,16
5-MAINTCO,X40009,WB1XAA,16
5-MAINTCO,W95811,WB1XAA,16
5-MAINTCO,X59326,WB1XAA,24
501-FSB,X40283,WH96AA,1
501-FSB,R11154,WH96AA,1
501-FSB,T30377,WH96AA,1
501-FSB,C36151,WH96AA,1
501-FSB,T49119,WH96AA,1
501-FSB,R50681,WH96AA,1
501-FSB,T49255,WH96AA,1
501-FSB,X41105,WH96AA,1
501-FSB,T10275,WH96AA,1
501-FSB,S70517,WH96AA,1
501-FSB,X59463,WH96AA,1
501-FSB,H01855,WH96AA,2
501-FSB,X62237,WH96AA,2
501-FSB,T93761,WH96AA,3
501-FSB,K28601,WH96AA,3
501-FSB,T07543,WH96AA,3
501-FSB,X62271,WH96AA,3
501-FSB,S74832,WH96AA,3
501-FSB,T40999,WH96AA,3
501-FSB,L28351,WH96AA,3
501-FSB,X48914,WH96AA,3
501-FSB,T48944,WH96AA,3
501-FSB,T96883,WH96AA,4
501-FSB,X40146,WH96AA,4
501-FSB,G35851,WH96AA,4
501-FSB,T07679,WH96AA,4
501-FSB,X63299,WH96AA,4
501-FSB,D11538,WH96AA,4
501-FSB,T38844,WH96AA,4
501-FSB,C32887,WH96AA,4
501-FSB,T96838,WH96AA,6
501-FSB,T63093,WH96AA,6
501-FSB,S70027,WH96AA,6
501-FSB,W98825,WH96AA,6
501-FSB,S75175,WH96AA,6
501-FSB,J35492,WH96AA,7
501-FSB,S30982,WH96AA,8
501-FSB,W95537,WH96AA,10
501-FSB,C18234,WH96AA,11
501-FSB,S73372,WH96AA,11
501-FSB,X40794,WH96AA,16
501-FSB,X62340,WH96AA,17
501-FSB,X40009,WH96AA,21
501-FSB,W95811,WH96AA,24
501-FSB,X59326,WH96AA,29
501-FSB,T61494,WH96AA,36
501-MIBN-CEWI,C32887,WH6YAA,1
501-MIBN-CEWI,X40146,WH6YAA,1
501-MIBN-CEWI,R50544,WH6YAA,1
501-MIBN-CEWI,Z43728,WH6YAA,1
501-MIBN-CEWI,C11158,WH6YAA,2
501-MIBN-CEWI,X63299,WH6YAA,2
501-MIBN-CEWI,K28601,WH6YAA,2
501-MIBN-CEWI,T96883,WH6YAA,3
501-MIBN-CEWI,D11538,WH6YAA,3
501-MIBN-CEWI,X62237,WH6YAA,3
501-MIBN-CEWI,J35492,WH6YAA,3
501-MIBN-CEWI,J46252,WH6YAA,3
501-MIBN-CEWI,L28351,WH6YAA,3
501-MIBN-CEWI,C30675,WH6YAA,3
501-MIBN-CEWI,W98825,WH6YAA,4
501-MIBN-CEWI,T61562,WH6YAA,5
501-MIBN-CEWI,M21948,WH6YAA,5
501-MIBN-CEWI,X40794,WH6YAA,9
501-MIBN-CEWI,C18234,WH6YAA,12
501-MIBN-CEWI,W95811,WH6YAA,12
501-MIBN-CEWI,T07679,WH6YAA,13
501-MIBN-CEWI,X40009,WH6YAA,18
501-MIBN-CEWI,W95537,WH6YAA,22
501-MIBN-CEWI,T61494,WH6YAA,54
501-MPCO,G42238,WAPCAA,1
501-MPCO,X40146,WAPCAA,1
501-MPCO,X40009,WAPCAA,1
501-MPCO,C32887,WAPCAA,1
501-MPCO,G37273,WAPCAA,1
501-MPCO,X40831,WAPCAA,1
501-MPCO,W95811,WAPCAA,2
501-MPCO,T61494,WAPCAA,6
501-MPCO,W95537,WAPCAA,20
501-MPCO,Z62630,WAPCAA,43
51-MAINTBN,W95811,WB0HAA,1
51-MAINTBN,G42170,WB0HAA,1
51-MAINTBN,W95537,WB0HAA,2
51-MAINTBN,X40009,WB0HAA,2
51-MAINTBN,T61494,WB0HAA,12
51-MDM-TRKCO,L28351,WCNTAA,1
51-MDM-TRKCO,W98825,WCNTAA,1
51-MDM-TRKCO,X40146,WCNTAA,1
51-MDM-TRKCO,C32887,WCNTAA,1
51-MDM-TRKCO,T30377,WCNTAA,1
51-MDM-TRKCO,W95811,WCNTAA,2
51-MDM-TRKCO,T87243,WCNTAA,2
51-MDM-TRKCO,T63093,WCNTAA,2
51-MDM-TRKCO,X40009,WCNTAA,2
51-MDM-TRKCO,T61494,WCNTAA,5
51-MDM-TRKCO,T93761,WCNTAA,48
51-MDM-TRKCO,T40999,WCNTAA,48
512-MAINTCO,X40146,WB38AA,1
512-MAINTCO,T96883,WB38AA,1
512-MAINTCO,F43067,WB38AA,1
512-MAINTCO,T49255,WB38AA,1
512-MAINTCO,T49119,WB38AA,1
512-MAINTCO,G78306,WB38AA,1
512-MAINTCO,L28351,WB38AA,1
512-MAINTCO,X62237,WB38AA,1
512-MAINTCO,R11154,WB38AA,1
512-MAINTCO,T30377,WB38AA,1
512-MAINTCO,T10549,WB38AA,1
512-MAINTCO,T10275,WB38AA,1
512-MAINTCO,S70517,WB38AA,1
512-MAINTCO,X40794,WB38AA,1
512-MAINTCO,X40420,WB38AA,1
512-MAINTCO,X40077,WB38AA,2
512-MAINTCO,G35851,WB38AA,2
512-MAINTCO,J35492,WB38AA,2
512-MAINTCO,W98825,WB38AA,2
512-MAINTCO,S74832,WB38AA,2
512-MAINTCO,C32887,WB38AA,3
512-MAINTCO,H01855,WB38AA,3
512-MAINTCO,X62477,WB38AA,4
512-MAINTCO,T63093,WB38AA,5
512-MAINTCO,S30982,WB38AA,7
512-MAINTCO,S70027,WB38AA,8
512-MAINTCO,T61494,WB38AA,14
512-MAINTCO,W95811,WB38AA,15
512-MAINTCO,S75175,WB38AA,15
512-MAINTCO,X40009,WB38AA,16
512-MAINTCO,X59326,WB38AA,24
515-POL-TRKCO,S73372,WCNBAA,1
515-POL-TRKCO,X63299,WCNBAA,1
515-POL-TRKCO,X40931,WCNBAA,1
515-POL-TRKCO,C32887,WCNBAA,1
515-POL-TRKCO,W98825,WCNBAA,1
515-POL-TRKCO,L28351,WCNBAA,1
515-POL-TRKCO,X40794,WCNBAA,2
515-POL-TRKCO,W95811,WCNBAA,2
515-POL-TRKCO,T61494,WCNBAA,5
515-POL-TRKCO,S10059,WCNBAA,60
515-POL-TRKCO,X59326,WCNBAA,61
529-ORDCO,T63093,WB5KAA,1
529-ORDCO,X40146,WB5KAA,1
529-ORDCO,C32887,WB5KAA,1
529-ORDCO,L28351,WB5KAA,3
529-ORDCO,X62237,WB5KAA,3
529-ORDCO,H56391,WB5KAA,3
529-ORDCO,X40931,WB5KAA,3
529-ORDCO,W98825,WB5KAA,3
529-ORDCO,S70594,WB5KAA,3
529-ORDCO,W76816,WB5KAA,3
529-ORDCO,J35492,WB5KAA,3
529-ORDCO,X40009,WB5KAA,4
529-ORDCO,S70517,WB5KAA,5
529-ORDCO,C36151,WB5KAA,6
529-ORDCO,T93761,WB5KAA,6
529-ORDCO,W95811,WB5KAA,8
529-ORDCO,T91656,WB5KAA,8
529-ORDCO,F79334,WB5KAA,9
529-ORDCO,T40999,WB5KAA,9
529-ORDCO,X40794,WB5KAA,9
529-ORDCO,T48944,WB5KAA,9
529-ORDCO,T61494,WB5KAA,13
541-POL-TRKCO,T60149,WCNDAA,1
541-POL-TRKCO,C32887,WCNDAA,1
541-POL-TRKCO,L28351,WCNDAA,1
541-POL-TRKCO,T94709,WCNDAA,1
541-POL-TRKCO,W98825,WCNDAA,1
541-POL-TRKCO,T60081,WCNDAA,2
541-POL-TRKCO,Z36068,WCNDAA,2
541-POL-TRKCO,T61494,WCNDAA,5
541-POL-TRKCO,T61239,WCNDAA,61
541-POL-TRKCO,S72983,WCNDAA,61
561-SSBN,W95537,WDEEAA,1
561-SSBN,W98825,WDEEAA,1
561-SSBN,T41135,WDEEAA,1
561-SSBN,Z90712,WDEEAA,1
561-SSBN,G53778,WDEEAA,1
561-SSBN,T60081,WDEEAA,2
561-SSBN,Z36272,WDEEAA,8
561-SSBN,T61494,WDEEAA,17
565-RPRPTCO,X63299,WDWTAA,1
565-RPRPTCO,X40146,WDWTAA,1
565-RPRPTCO,W98825,WDWTAA,1
565-RPRPTCO,X40794,WDWTAA,1
565-RPRPTCO,S74490,WDWTAA,1
565-RPRPTCO,L28351,WDWTAA,1
565-RPRPTCO,T49119,WDWTAA,2
565-RPRPTCO,T48941,WDWTAA,2
565-RPRPTCO,X40009,WDWTAA,2
565-RPRPTCO,T49255,WDWTAA,4
565-RPRPTCO,S74216,WDWTAA,4
565-RPRPTCO,W95537,WDWTAA,4
565-RPRPTCO,R11154,WDWTAA,5
565-RPRPTCO,T61494,WDWTAA,5
565-RPRPTCO,S75175,WDWTAA,6
565-RPRPTCO,X40077,WDWTAA,8
565-RPRPTCO,W95811,WDWTAA,10
565-RPRPTCO,S74832,WDWTAA,10
565-RPRPTCO,S70027,WDWTAA,16
565-RPRPTCO,X59326,WDWTAA,19
574-SSCO,L28351,WDCQAA,1
574-SSCO,X40146,WDCQAA,1
574-SSCO,C32887,WDCQAA,1
574-SSCO,W98825,WDCQAA,1
574-SSCO,J35492,WDCQAA,1
574-SSCO,X63299,WDCQAA,1
574-SSCO,W95537,WDCQAA,2
574-SSCO,R11154,WDCQAA,2
574-SSCO,T48941,WDCQAA,2
574-SSCO,W95811,WDCQAA,3
574-SSCO,X40009,WDCQAA,3
574-SSCO,W47225,WDCQAA,3
574-SSCO,F79334,WDCQAA,4
574-SSCO,P97051,WDCQAA,4
574-SSCO,T49255,WDCQAA,5
574-SSCO,T96883,WDCQAA,6
574-SSCO,S70027,WDCQAA,6
574-SSCO,X40794,WDCQAA,8
574-SSCO,T61494,WDCQAA,8
574-SSCO,S73372,WDCQAA,9
574-SSCO,X59326,WDCQAA,12
584-MAINTCO,S70517,WEYBAA,1
584-MAINTCO,R11154,WEYBAA,1
584-MAINTCO,G35851,WEYBAA,1
584-MAINTCO,T60149,WEYBAA,1
584-MAINTCO,T61704,WEYBAA,1
584-MAINTCO,Z94560,WEYBAA,1
584-MAINTCO,Z94047,WEYBAA,1
584-MAINTCO,L28351,WEYBAA,1
584-MAINTCO,C36151,WEYBAA,1
584-MAINTCO,G78306,WEYBAA,1
584-MAINTCO,T49255,WEYBAA,1
584-MAINTCO,T30377,WEYBAA,1
584-MAINTCO,T10275,WEYBAA,1
584-MAINTCO,T10549,WEYBAA,1
584-MAINTCO,W98825,WEYBAA,2
584-MAINTCO,H01855,WEYBAA,2
584-MAINTCO,G53778,WEYBAA,2
584-MAINTCO,S74832,WEYBAA,2
584-MAINTCO,T93484,WEYBAA,4
584-MAINTCO,T63093,WEYBAA,5
584-MAINTCO,S30982,WEYBAA,5
584-MAINTCO,S70027,WEYBAA,8
584-MAINTCO,T61494,WEYBAA,12
584-MAINTCO,Z36068,WEYBAA,13
584-MAINTCO,S75175,WEYBAA,15
584-MAINTCO,T60081,WEYBAA,17
584-MAINTCO,T61239,WEYBAA,23
588-MAINTCO,S70517,WD4MAA,1
588-MAINTCO,Z94047,WD4MAA,1
588-MAINTCO,C36151,WD4MAA,1
588-MAINTCO,T49255,WD4MAA,1
588-MAINTCO,G35851,WD4MAA,1
588-MAINTCO,G78306,WD4MAA,1
588-MAINTCO,T60149,WD4MAA,1
588-MAINTCO,T10275,WD4MAA,1
588-MAINTCO,T10549,WD4MAA,1
588-MAINTCO,L28351,WD4MAA,1
588-MAINTCO,Z94560,WD4MAA,1
588-MAINTCO,T30377,WD4MAA,1
588-MAINTCO,R11154,WD4MAA,1
588-MAINTCO,G53778,WD4MAA,2
588-MAINTCO,W95811,WD4MAA,2
588-MAINTCO,S74832,WD4MAA,2
588-MAINTCO,H01855,WD4MAA,2
588-MAINTCO,W98825,WD4MAA,2
588-MAINTCO,T61704,WD4MAA,3
588-MAINTCO,G42170,WD4MAA,4
588-MAINTCO,W95537,WD4MAA,4
588-MAINTCO,T61908,WD4MAA,6
588-MAINTCO,P42262,WD4MAA,6
588-MAINTCO,S70027,WD4MAA,8
588-MAINTCO,T93484,WD4MAA,10
588-MAINTCO,T63093,WD4MAA,11
588-MAINTCO,S75175,WD4MAA,15
588-MAINTCO,Z36068,WD4MAA,15
588-MAINTCO,S30982,WD4MAA,16
588-MAINTCO,T61494,WD4MAA,21
588-MAINTCO,T61239,WD4MAA,23
588-MAINTCO,T07679,WD4MAA,24
588-MAINTCO,T60081,WD4MAA,29
592-ORDCO,Z36272,WQ92AA,1
592-ORDCO,L28351,WQ92AA,1
592-ORDCO,W76816,WQ92AA,1
592-ORDCO,S70594,WQ92AA,1
592-ORDCO,T63093,WQ92AA,1
592-ORDCO,X40146,WQ92AA,1
592-ORDCO,C32887,WQ92AA,1
592-ORDCO,W98825,WQ92AA,1
592-ORDCO,G40744,WQ92AA,2
592-ORDCO,G42170,WQ92AA,2
592-ORDCO,X40009,WQ92AA,2
592-ORDCO,X40931,WQ92AA,2
592-ORDCO,H56391,WQ92AA,2
592-ORDCO,W95811,WQ92AA,4
592-ORDCO,T73645,WQ92AA,4
592-ORDCO,F79334,WQ92AA,6
592-ORDCO,C39398,WQ92AA,6
592-ORDCO,C36151,WQ92AA,6
592-ORDCO,S70517,WQ92AA,6
592-ORDCO,T61494,WQ92AA,7
592-ORDCO,T91656,WQ92AA,7
592-ORDCO,X40794,WQ92AA,8
592-ORDCO,T93761,WQ92AA,9
592-ORDCO,T40999,WQ92AA,9
592-ORDCO,T48944,WQ92AA,12
594-MDM-TRKCO,T63093,WCPGAA,1
594-MDM-TRKCO,T60149,WCPGAA,1
594-MDM-TRKCO,Z36068,WCPGAA,1
594-MDM-TRKCO,C32887,WCPGAA,1
594-MDM-TRKCO,W98825,WCPGAA,1
594-MDM-TRKCO,S73372,WCPGAA,1
594-MDM-TRKCO,L28351,WCPGAA,1
594-MDM-TRKCO,T60081,WCPGAA,2
594-MDM-TRKCO,T61494,WCPGAA,5
594-MDM-TRKCO,T61103,WCPGAA,61
594-MDM-TRKCO,S70159,WCPGAA,120
596-MAINTCO,T49119,WE7LAA,1
596-MAINTCO,G78306,WE7LAA,1
596-MAINTCO,R50681,WE7LAA,1
596-MAINTCO,T49255,WE7LAA,1
596-MAINTCO,X62237,WE7LAA,1
596-MAINTCO,L28351,WE7LAA,1
596-MAINTCO,C36151,WE7LAA,1
596-MAINTCO,R11154,WE7LAA,1
596-MAINTCO,S70517,WE7LAA,1
596-MAINTCO,T30377,WE7LAA,1
596-MAINTCO,T10549,WE7LAA,1
596-MAINTCO,T10275,WE7LAA,1
596-MAINTCO,X40420,WE7LAA,1
596-MAINTCO,T96883,WE7LAA,1
596-MAINTCO,X40146,WE7LAA,1
596-MAINTCO,G35851,WE7LAA,2
596-MAINTCO,J35492,WE7LAA,2
596-MAINTCO,S74832,WE7LAA,2
596-MAINTCO,W98825,WE7LAA,2
596-MAINTCO,X40077,WE7LAA,2
596-MAINTCO,H01855,WE7LAA,3
596-MAINTCO,X40794,WE7LAA,3
596-MAINTCO,C32887,WE7LAA,3
596-MAINTCO,X62477,WE7LAA,4
596-MAINTCO,T63093,WE7LAA,5
596-MAINTCO,S70027,WE7LAA,8
596-MAINTCO,S30982,WE7LAA,9
596-MAINTCO,W95811,WE7LAA,15
596-MAINTCO,T61494,WE7LAA,15
596-MAINTCO,S75175,WE7LAA,15
596-MAINTCO,X40009,WE7LAA,16
596-MAINTCO,X59326,WE7LAA,24
597-MAINTCO,X40283,WHLMAA,1
597-MAINTCO,X40794,WHLMAA,1
597-MAINTCO,S70517,WHLMAA,1
597-MAINTCO,T10549,WHLMAA,1
597-MAINTCO,T30377,WHLMAA,1
597-MAINTCO,T60149,WHLMAA,1
597-MAINTCO,Z94560,WHLMAA,1
597-MAINTCO,Z94047,WHLMAA,1
597-MAINTCO,T61704,WHLMAA,1
597-MAINTCO,C36151,WHLMAA,1
597-MAINTCO,G78306,WHLMAA,1
597-MAINTCO,W95811,WHLMAA,1
597-MAINTCO,L28351,WHLMAA,1
597-MAINTCO,S30914,WHLMAA,1
597-MAINTCO,T49255,WHLMAA,1
597-MAINTCO,R11154,WHLMAA,1
597-MAINTCO,T10275,WHLMAA,1
597-MAINTCO,W98825,WHLMAA,2
597-MAINTCO,G35851,WHLMAA,2
597-MAINTCO,G53778,WHLMAA,2
597-MAINTCO,H01855,WHLMAA,2
597-MAINTCO,X59326,WHLMAA,2
597-MAINTCO,S74832,WHLMAA,2
597-MAINTCO,S75038,WHLMAA,3
597-MAINTCO,T93484,WHLMAA,4
597-MAINTCO,T63093,WHLMAA,5
597-MAINTCO,S30982,WHLMAA,5
597-MAINTCO,S70027,WHLMAA,8
597-MAINTCO,T61494,WHLMAA,12
597-MAINTCO,Z36068,WHLMAA,13
597-MAINTCO,S75175,WHLMAA,16
597-MAINTCO,T60081,WHLMAA,18
597-MAINTCO,T61239,WHLMAA,23
6-TCBN,W98825,WCKKAA,1
6-TCBN,G42170,WCKKAA,1
6-TCBN,W95537,WCKKAA,2
6-TCBN,T60081,WCKKAA,2
6-TCBN,T61494,WCKKAA,9
632-MAINTCO,G42170,WB40AA,1
632-MAINTCO,Z94047,WB40AA,1
632-MAINTCO,C36151,WB40AA,1
632-MAINTCO,Z94560,WB40AA,1
632-MAINTCO,T60149,WB40AA,1
632-MAINTCO,G78306,WB40AA,1
632-MAINTCO,T49255,WB40AA,1
632-MAINTCO,R50681,WB40AA,1
632-MAINTCO,L28351,WB40AA,1
632-MAINTCO,T61704,WB40AA,1
632-MAINTCO,S30914,WB40AA,1
632-MAINTCO,T30377,WB40AA,1
632-MAINTCO,T10275,WB40AA,1
632-MAINTCO,S70517,WB40AA,1
632-MAINTCO,T10549,WB40AA,1
632-MAINTCO,R11154,WB40AA,1
632-MAINTCO,W98825,WB40AA,2
632-MAINTCO,G35851,WB40AA,2
632-MAINTCO,S74832,WB40AA,2
632-MAINTCO,G53778,WB40AA,2
632-MAINTCO,T61908,WB40AA,3
632-MAINTCO,H01855,WB40AA,3
632-MAINTCO,T63093,WB40AA,5
632-MAINTCO,T93484,WB40AA,6
632-MAINTCO,S30982,WB40AA,6
632-MAINTCO,S70027,WB40AA,8
632-MAINTCO,T61494,WB40AA,13
632-MAINTCO,Z36068,WB40AA,14
632-MAINTCO,S75175,WB40AA,15
632-MAINTCO,T60081,WB40AA,19
632-MAINTCO,T61239,WB40AA,24
66-MDM-TRKCO,T63093,WCNXAA,1
66-MDM-TRKCO,Z90381,WCNXAA,1
66-MDM-TRKCO,L28351,WCNXAA,1
66-MDM-TRKCO,W95811,WCNXAA,1
66-MDM-TRKCO,W98825,WCNXAA,1
66-MDM-TRKCO,S73372,WCNXAA,1
66-MDM-TRKCO,C32887,WCNXAA,1
66-MDM-TRKCO,X40146,WCNXAA,1
66-MDM-TRKCO,X40009,WCNXAA,2
66-MDM-TRKCO,T61494,WCNXAA,5
66-MDM-TRKCO,T61103,WCNXAA,61
66-MDM-TRKCO,S70159,WCNXAA,120
68-MDM-TRKCO,Z90381,WCNZAA,1
68-MDM-TRKCO,W98825,WCNZAA,1
68-MDM-TRKCO,X40146,WCNZAA,1
68-MDM-TRKCO,C32887,WCNZAA,1
68-MDM-TRKCO,S73372,WCNZAA,1
68-MDM-TRKCO,L28351,WCNZAA,1
68-MDM-TRKCO,T63093,WCNZAA,1
68-MDM-TRKCO,W95811,WCNZAA,1
68-MDM-TRKCO,X40009,WCNZAA,2
68-MDM-TRKCO,T61494,WCNZAA,5
68-MDM-TRKCO,T61103,WCNZAA,61
68-MDM-TRKCO,S70159,WCNZAA,120
69-ADABDE,X62237,WAVNAA,1
69-ADABDE,T96883,WAVNAA,1
69-ADABDE,X40794,WAVNAA,1
69-ADABDE,C32887,WAVNAA,1
69-ADABDE,X40146,WAVNAA,1
69-ADABDE,W98825,WAVNAA,1
69-ADABDE,J35492,WAVNAA,1
69-ADABDE,X41105,WAVNAA,1
69-ADABDE,L28351,WAVNAA,1
69-ADABDE,G53871,WAVNAA,2
69-ADABDE,W95811,WAVNAA,3
69-ADABDE,X40009,WAVNAA,5
69-ADABDE,W95537,WAVNAA,6
69-ADABDE,T61494,WAVNAA,20
69-CHEMCO,C32887,WA8RAA,1
69-CHEMCO,T63093,WA8RAA,1
69-CHEMCO,T96883,WA8RAA,1
69-CHEMCO,R50544,WA8RAA,1
69-CHEMCO,X62237,WA8RAA,1
69-CHEMCO,P42262,WA8RAA,1
69-CHEMCO,W95537,WA8RAA,1
69-CHEMCO,X40146,WA8RAA,2
69-CHEMCO,T58161,WA8RAA,2
69-CHEMCO,C12815,WA8RAA,7
69-CHEMCO,T61494,WA8RAA,10
69-CHEMCO,X40931,WA8RAA,12
69-CHEMCO,X40794,WA8RAA,13
69-CHEMCO,X40009,WA8RAA,15
69-CHEMCO,W95811,WA8RAA,40
7-CSG,T96883,WH7MAA,1
7-CSG,L28351,WH7MAA,1
7-CSG,W95811,WH7MAA,1
7-CSG,X40931,WH7MAA,1
7-CSG,W98825,WH7MAA,1
7-CSG,C32887,WH7MAA,1
7-CSG,X40009,WH7MAA,2
7-CSG,W95537,WH7MAA,5
7-CSG,T61494,WH7MAA,25
7-TCGP-TPTDD,X40968,WD1HAA,1
7-TCGP-TPTDD,G53778,WD1HAA,2
7-TCGP-TPTDD,W95537,WD1HAA,2
7-TCGP-TPTDD,W98825,WD1HAA,2
7-TCGP-TPTDD,J35492,WD1HAA,2
7-TCGP-TPTDD,W95811,WD1HAA,2
7-TCGP-TPTDD,X40009,WD1HAA,2
7-TCGP-TPTDD,T61494,WD1HAA,17
70-ENGBN,E56578,WAZ8AA,0
70-ENGBN,Y48323,WAZ8AA,1
70-ENGBN,G40744,WAZ8AA,1
70-ENGBN,T13152,WAZ8AA,1
70-ENGBN,T63093,WAZ8AA,1
70-ENGBN,T30377,WAZ8AA,1
70-ENGBN,L28351,WAZ8AA,2
70-ENGBN,X40146,WAZ8AA,2
70-ENGBN,C32887,WAZ8AA,2
70-ENGBN,R50681,WAZ8AA,2
70-ENGBN,W95537,WAZ8AA,2
70-ENGBN,T59278,WAZ8AA,2
70-ENGBN,S30914,WAZ8AA,3
70-ENGBN,X40794,WAZ8AA,3
70-ENGBN,K28601,WAZ8AA,3
70-ENGBN,W98825,WAZ8AA,4
70-ENGBN,T87243,WAZ8AA,4
70-ENGBN,T39586,WAZ8AA,6
70-ENGBN,D11538,WAZ8AA,6
70-ENGBN,D11049,WAZ8AA,6
70-ENGBN,T61562,WAZ8AA,8
70-ENGBN,X40009,WAZ8AA,9
70-ENGBN,L43664,WAZ8AA,12
70-ENGBN,L67342,WAZ8AA,12
70-ENGBN,E02807,WAZ8AA,12
70-ENGBN,W76473,WAZ8AA,21
70-ENGBN,T61494,WAZ8AA,21
70-ENGBN,W95811,WAZ8AA,26
70-ENGBN,D12087,WAZ8AA,29
71-MAINTBN,W98825,WB0RAA,1
71-MAINTBN,X40968,WB0RAA,1
71-MAINTBN,T96883,WB0RAA,1
71-MAINTBN,J35492,WB0RAA,1
71-MAINTBN,X40009,WB0RAA,2
71-MAINTBN,W95537,WB0RAA,9
71-MAINTBN,T61494,WB0RAA,17
71-ORDCO,W95537,WET5AA,1
71-ORDCO,X62477,WET5AA,1
71-ORDCO,X62237,WET5AA,1
71-ORDCO,G53778,WET5AA,1
71-ORDCO,G42170,WET5AA,1
71-ORDCO,S70027,WET5AA,1
71-ORDCO,W98825,WET5AA,1
71-ORDCO,T96883,WET5AA,1
71-ORDCO,X40283,WET5AA,1
71-ORDCO,T61239,WET5AA,1
71-ORDCO,C32887,WET5AA,1
71-ORDCO,X40146,WET5AA,1
71-ORDCO,T49119,WET5AA,1
71-ORDCO,P28015,WET5AA,1
71-ORDCO,S75175,WET5AA,1
71-ORDCO,H01855,WET5AA,1
71-ORDCO,L28351,WET5AA,1
71-ORDCO,X63299,WET5AA,2
71-ORDCO,G35851,WET5AA,2
71-ORDCO,T10138,WET5AA,2
71-ORDCO,W95811,WET5AA,3
71-ORDCO,S74832,WET5AA,3
71-ORDCO,X40794,WET5AA,3
71-ORDCO,X40009,WET5AA,5
71-ORDCO,X59326,WET5AA,5
71-ORDCO,T07543,WET5AA,6
71-ORDCO,X41105,WET5AA,7
71-ORDCO,T61494,WET5AA,11
77-MAINTCO,X40146,WB35AA,1
77-MAINTCO,T96883,WB35AA,1
77-MAINTCO,T49255,WB35AA,1
77-MAINTCO,T49119,WB35AA,1
77-MAINTCO,G78306,WB35AA,1
77-MAINTCO,L28351,WB35AA,1
77-MAINTCO,C36151,WB35AA,1
77-MAINTCO,T10275,WB35AA,1
77-MAINTCO,T10549,WB35AA,1
77-MAINTCO,S70517,WB35AA,1
77-MAINTCO,X62237,WB35AA,1
77-MAINTCO,R11154,WB35AA,1
77-MAINTCO,T30377,WB35AA,1
77-MAINTCO,X40420,WB35AA,1
77-MAINTCO,X40077,WB35AA,2
77-MAINTCO,R50681,WB35AA,2
77-MAINTCO,J35492,WB35AA,2
77-MAINTCO,S74832,WB35AA,2
77-MAINTCO,W98825,WB35AA,2
77-MAINTCO,C32887,WB35AA,3
77-MAINTCO,H01855,WB35AA,3
77-MAINTCO,X40794,WB35AA,3
77-MAINTCO,X62477,WB35AA,4
77-MAINTCO,G35851,WB35AA,4
77-MAINTCO,T63093,WB35AA,6
77-MAINTCO,S70027,WB35AA,8
77-MAINTCO,S30982,WB35AA,11
77-MAINTCO,T61494,WB35AA,16
77-MAINTCO,W95811,WB35AA,16
77-MAINTCO,S75175,WB35AA,16
77-MAINTCO,X40009,WB35AA,17
77-MAINTCO,X59326,WB35AA,27
900-POL-SUPPLYCO,L28351,WSTMAA,1
900-POL-SUPPLYCO,W98825,WSTMAA,1
900-POL-SUPPLYCO,T63093,WSTMAA,1
900-POL-SUPPLYCO,C32887,WSTMAA,1
900-POL-SUPPLYCO,X40146,WSTMAA,1
900-POL-SUPPLYCO,T96883,WSTMAA,1
900-POL-SUPPLYCO,L85283,WSTMAA,1
900-POL-SUPPLYCO,W76816,WSTMAA,2
900-POL-SUPPLYCO,S70594,WSTMAA,2
900-POL-SUPPLYCO,T61171,WSTMAA,2
900-POL-SUPPLYCO,X40009,WSTMAA,3
900-POL-SUPPLYCO,W95537,WSTMAA,3
900-POL-SUPPLYCO,S70027,WSTMAA,6
900-POL-SUPPLYCO,F79334,WSTMAA,6
900-POL-SUPPLYCO,E72804,WSTMAA,6
900-POL-SUPPLYCO,T49119,WSTMAA,6
900-POL-SUPPLYCO,T33786,WSTMAA,6
900-POL-SUPPLYCO,P97119,WSTMAA,6
900-POL-SUPPLYCO,W95811,WSTMAA,9
900-POL-SUPPLYCO,T61494,WSTMAA,12
900-POL-SUPPLYCO,S73372,WSTMAA,12
900-POL-SUPPLYCO,X40794,WSTMAA,15
900-POL-SUPPLYCO,X59326,WSTMAA,18
900-POL-SUPPLYCO,P97051,WSTMAA,48
AVNBDE-1-AD,X40794,WDJUAA,1
AVNBDE-1-AD,J47617,WDJUAA,1
AVNBDE-1-AD,J35492,WDJUAA,1
AVNBDE-1-AD,L28351,WDJUAA,1
AVNBDE-1-AD,X62237,WDJUAA,1
AVNBDE-1-AD,X40146,WDJUAA,1
AVNBDE-1-AD,C32887,WDJUAA,1
AVNBDE-1-AD,W98825,WDJUAA,2
AVNBDE-1-AD,T07679,WDJUAA,2
AVNBDE-1-AD,W95811,WDJUAA,3
AVNBDE-1-AD,X40009,WDJUAA,4
AVNBDE-1-AD,W95537,WDJUAA,10
AVNBDE-1-AD,T61494,WDJUAA,20
DISCOM-1-AD,X40146,WAPLAA,1
DISCOM-1-AD,C32887,WAPLAA,1
DISCOM-1-AD,X63299,WAPLAA,1
DISCOM-1-AD,X40831,WAPLAA,1
DISCOM-1-AD,L28351,WAPLAA,1
DISCOM-1-AD,T96883,WAPLAA,1
DISCOM-1-AD,W98825,WAPLAA,2
DISCOM-1-AD,G78306,WAPLAA,2
DISCOM-1-AD,W95811,WAPLAA,2
DISCOM-1-AD,X40009,WAPLAA,3
DISCOM-1-AD,X62237,WAPLAA,5
DISCOM-1-AD,W95537,WAPLAA,25
DISCOM-1-AD,T61494,WAPLAA,40
DIVARTY-1-AD,T96883,WAPKAA,1
DIVARTY-1-AD,K28601,WAPKAA,1
DIVARTY-1-AD,C32887,WAPKAA,1
DIVARTY-1-AD,T38844,WAPKAA,1
DIVARTY-1-AD,X63299,WAPKAA,1
DIVARTY-1-AD,L28351,WAPKAA,2
DIVARTY-1-AD,X40931,WAPKAA,2
DIVARTY-1-AD,X40146,WAPKAA,2
DIVARTY-1-AD,P28083,WAPKAA,2
DIVARTY-1-AD,P42262,WAPKAA,2
DIVARTY-1-AD,C11158,WAPKAA,2
DIVARTY-1-AD,W95537,WAPKAA,3
DIVARTY-1-AD,X62237,WAPKAA,3
DIVARTY-1-AD,J35492,WAPKAA,3
DIVARTY-1-AD,W98825,WAPKAA,3
DIVARTY-1-AD,C12155,WAPKAA,3
DIVARTY-1-AD,X40009,WAPKAA,4
DIVARTY-1-AD,W95811,WAPKAA,4
DIVARTY-1-AD,T61562,WAPKAA,7
DIVARTY-1-AD,X40794,WAPKAA,7
DIVARTY-1-AD,Z36272,WAPKAA,8
DIVARTY-1-AD,T07679,WAPKAA,8
DIVARTY-1-AD,T61494,WAPKAA,20
